:020000040800F2
:10000000983F0024BD030008B78000086975000808
:10001000B5800008F90D0008619500080000000097
:1000200000000000000000000000000083840008C1
:100030002D14000800000000B98000088584000825
:10004000D7030008D7030008D7030008D703000828
:10005000D7030008D70300082F140008D7030008AF
:10006000D7030008D7030008D70300087D0E000857
:10007000890E0008950E0008A10E0008AD0E0008BC
:10008000B90E0008C50E0008D70300085114000877
:100090005D140008D7030008D7030008D703000841
:1000A000D703000849850008D7030008D7030008D4
:1000B000D7030008D7030008D7030008D7030008B8
:1000C000D7030008D7030008D7030008D7030008A8
:1000D000FD82000855950008D7030008D7030008E3
:1000E00035140008D703000800000000D7030008FB
:1000F000D7030008D7030008D7030008D10E000873
:10010000D7030008D7030008D7030008D703000867
:10011000D7030008E58A0008D7030008D7030008C2
:10012000D7030008D7030008D7030008D703000847
:10013000D7030008D7030008D7030008D703000837
:1001400000000000000000000000000000000000AF
:10015000D7030008D7030008D7030008D703000817
:10016000D7030008D7030008D7030008D703000807
:10017000D7030008D7030008D703000800000000D9
:10018000D7030008D7030008F18A0008D703000846
:10019000D7030008D7030008D7030008D7030008D7
:1001A000D7030008D7030008D703000800000000A9
:1001B000D7030008D7030008D7030008D7030008B7
:1001C000D7030008D703000800000000000000006B
:1001D0000000000000000000D7030008000000003D
:1001E000000000000000000000000000000000000F
:1001F0000000000000000000D7030008D70300083B
:10020000D7030008D703000800000000D703000848
:10021000D7030008D7030008D7030008D703000856
:10022000D703000800000000D7030008000000000A
:10023000D7030008D703000800000000D703000818
:10024000D7030008D7030008D7030008D703000826
:10025000D7030008D7030008D7030008D703000816
:10026000D7030008D7030008D7030008D703000806
:10027000D7030008D7030008D703000800000000D8
:10028000D7030008D7030008D7030008D7030008E6
:1002900000000000D7030008D7030008000000009A
:1002A00000000000D7030008D7030008D7030008A8
:1002B00049950008D7030008D7030008691400080F
:1002C000D7030008D7030008D703000800F002F89E
:1002D00000F065F80AA090E8000C82448344AAF17B
:1002E0000107DA4501D100F05AF8AFF2090EBAE879
:1002F0000F0013F0010F18BFFB1A43F0010318475A
:1003000044E5000064E500000A444FF0000C10F8DA
:10031000013B13F0070408BF10F8014B1D1108BF83
:1003200010F8015B641E05D010F8016B641E01F823
:10033000016BF9D113F0080F1EBF10F8014BAD1C73
:100340000C1B09D16D1E58BF01F801CBFAD505E091
:1003500014F8016B01F8016B6D1EF9D59142D6D3EB
:10036000704700000023002400250026103A28BF13
:1003700078C1FBD8520728BF30C148BF0B60704717
:100380001FB50DF061FF9DE8030000F06DFA00F06D
:1003900099F91FBD10B5002000F01DFA10BD00F046
:1003A000D1FA1146FFF7ECFF0DF070FE00F00EFBE6
:1003B00003B4FFF7EFFF03BC00F042FB094880479E
:1003C00009480047FEE7FEE7FEE7FEE7FEE7FEE737
:1003D000FEE7FEE7FEE7FEE704480549054A064B4F
:1003E0007047000089840008CD020008982F00247F
:1003F000983F0024983700249837002453EA020CD1
:1004000000F069802DE9F04B4FF00006002B1FBF74
:10041000B3FA83F503FA05F424FA05F65E4012BF39
:100420001643B2FA82F502FA05F4C5F120051EBFA3
:1004300022FA05FC44EA0C04203556EA044C4FEA43
:10044000144418BF641C4FF000084FF0000990429C
:1004500071EB030C39D3002919BFB1FA81F701FA06
:1004600007F6B0FA80F700FA07F6C7F120071EBFBB
:1004700020FA07FC46EA0C062037B6FBF4FCA7EB93
:100480000507103F07F01F0BCBF120060CFA0BFB02
:100490002CFA06F644BFB3460026202FA4BF5E46C2
:1004A0004FF0000B5BEA060C08BF4FF0010B19EB95
:1004B0000B09ABFB027C48EB0608C01B06FB02CC19
:1004C0000BFB03CC71EB0C01C1E70B460246414626
:1004D0004846BDE8F08B13B54FF000004FF0000127
:1004E000AFF30080BDE81C4070472DE9F04107469E
:1004F00015460E46102000F00DF904000AD0676082
:10050000C4E9026500F002F901682160046000207E
:10051000BDE8F0810120FBE7032A40F2308010F0B3
:10052000030C00F0158011F8013BBCF1020F62448E
:1005300098BF11F801CB00F8013B38BF11F8013B1F
:10054000A2F1040298BF00F801CB38BF00F8013BCC
:1005500011F0030300F02580083AC0F0088051F83C
:10056000043B083A51F804CBA0E80810F5E7121D47
:100570005CBF51F8043B40F8043BAFF30080D20766
:1005800024BF11F8013B11F801CB48BF11F8012B32
:1005900024BF00F8013B00F801CB48BF00F8012B55
:1005A000704710B5203AC0F00B80B1E81850203ADF
:1005B000A0E81850B1E81850A0E81850BFF4F5AF03
:1005C0005FEA027C24BFB1E81850A0E8185044BF8D
:1005D00018C918C0BDE810405FEA827C24BF51F8FA
:1005E000043B40F8043B08BF7047D20728BF31F8EE
:1005F000023B48BF11F8012B28BF20F8023B48BF3F
:1006000000F8012B704701F0FF03114601B543EAE2
:10061000032242EA024200F00BF801BD02F0FF03A0
:1006200043EA032242EA024200F002B84FF000021D
:100630000429C0F0128010F0030C00F01B80CCF1F4
:10064000040CBCF1020F18BF00F8012BA8BF20F862
:10065000022BA1EB0C0100F00DB85FEAC17C24BFB6
:1006600000F8012B00F8012B48BF00F8012B704760
:100670004FF0000200B5134694469646203922BF3B
:10068000A0E80C50A0E80C50B1F12001BFF4F7AF86
:10069000090728BFA0E80C5048BF0CC05DF804EB68
:1006A000890028BF40F8042B08BF704748BF20F8D6
:1006B000022B11F0804F18BF00F8012B70477047D4
:1006C0007047704770B5064C7C44064D7D4403E08E
:1006D000206820448047241DAC42F9D170BD000041
:1006E00098E10000B0E100002DE9F04117460E4608
:1006F000054633B107FB0354E41B2046B047A5422F
:10070000FAD1A5F10800BDE8F0810000004870476B
:100710006C2F002470B5064600F082F8056806F1DB
:100720000B0020F00704B4429CBF002070BD2B4694
:100730006A68BAB11068A04210D304F10801884277
:100740003CBF5068586007D3516810194160116868
:10075000091B016058601460101D70BD134652687B
:10076000002AE7D12146284600F06AF80028DED1A9
:1007700070BD70B50446051F00F052F80068002CEB
:1007800014BF446870BD002C18BFAC423CBF20466B
:100790006468F8D301680A18AA4218BF456003D1FB
:1007A0002A6805461144016028684119A1421CBF0E
:1007B0006C6070BD6168696021680844286070BD24
:1007C00010B500F035F8006810BD10B5044600F013
:1007D0002FF8046010BD2DE9F0410646FFF796FFA3
:1007E0008046454613E016B1E068B0420ED120685D
:1007F0002860D4E90101D8F8007088472046FFF747
:10080000B8FFD8F80000B842EBD100E025462C68CC
:10081000002CE8D1BDE8F08100487047342F002457
:10082000004870473C2F002400487047682F002480
:1008300000487047342F0024704770477047704756
:1008400038B504460A4600206946AFF30080002808
:1008500008BF38BD02460099204600F09DF80120EF
:1008600038BD012000F0C6B8F8B5AFF300800546EA
:1008700000200C46102000BF0646A819A0420DD942
:10088000324669460020AFF30080070008BF00F041
:10089000B1F80098A04218BF0546C419FFF7C0FF81
:1008A00005600746F01D20F007004619284600F0B5
:1008B0000AF8B44208BFF8BDA21B31463868BDE84B
:1008C000F84000F069B800210160C0E901107047EC
:1008D00010207047AFF3008010B500F00EF80169EA
:1008E00019B100220261884701E08068804700F06A
:1008F00076F8000010B500F072F870B500F048F816
:1009000004680546A4B92020FFF704FF040011D0B5
:10091000094900202C60C4E900010849A160207346
:10092000206160610649A06109B100F06AF8E061E8
:10093000204670BD00F053F800000000F5080008E4
:10094000000000007546FFF767FFAE4605006946E8
:10095000534620F00700854618B020B5FFF73CFD50
:10096000BDE820404FF000064FF000074FF00008B0
:100970004FF0000B21F00701AC46ACE8C009ACE831
:10098000C009ACE8C009ACE8C0098D46704700005A
:1009900000487047702F0024034640688C460028AA
:1009A00018BF88423CBF03464068F8D31868184413
:1009B000884207D00CF1030020F00700001D411A07
:1009C000521A0146081D0A60FFF7D3BE10B504464F
:1009D000AFF300802046BDE81040FFF7E9BC10B53A
:1009E000002000F039F8FFF7D5FCBDE810400120E9
:1009F00000F026B810B500F037F8BDE8104000F060
:100A000026B810B58820FFF785FE002801D0002108
:100A1000017010BD802902D808B1017809B1002009
:100A20007047012100F8081B704718B100F1080257
:100A3000914201D0002070470021017070470000F2
:100A400001491820ABBEFEE72600020070470028CF
:100A500001D0FFF7F5BF704710B500F047F8BDE8CB
:100A60001040FFF7F4BF000010B5012805D00021A9
:100A700003A000F021F8012010BD09A1F8E7000053
:100A800053494752544D454D3A204F7574206F6677
:100A90002068656170206D656D6F727900000000DF
:100AA0003A2048656170206D656D6F727920636FC3
:100AB000727275707465640070B505460C460A2044
:100AC00000E06D1C00F02AF835B128780028F8D134
:100AD00002E0641C00F022F814B120780028F8D15C
:100AE000BDE870400A2000F019B8000010B50021E0
:100AF00002A0FFF7E1FF012010BD0000534947416C
:100B00004252543A2041626E6F726D616C2074657E
:100B1000726D696E6174696F6E00000008B5694698
:100B20008DF800000320ABBE08BD00009FED060A53
:100B3000F7EE000AC0ED000A80ED010A80ED020A1E
:100B400080ED030A704700000000000000EE101A5C
:100B5000DFED050AB8EE400AD3EC031A80EE803AC6
:100B600092EC030A07F0AEB900007A440122024871
:100B7000114603F073B90000000802580022024831
:100B8000012103F06BB9000000080258012202485D
:100B9000082103F063B9000000080258002202484F
:100BA000082103F05BB90000000802582DE9FC475A
:100BB0007F4C042020700CF041FF61780843607086
:100BC0000CF08EFF6178084360707DD1794E00276C
:100BD00006226946A6F59E7000F59475A6F10408F4
:100BE00080F82C7012200097019709F06DFE9DF897
:100BF00001004FF008099DF80010D4ED070A00022B
:100C000000B2084300EE100AB8EEC00A20EE200A37
:100C100085ED010A9DF803009DF80210D4ED070A46
:100C2000000200B2084300EE100AB8EEC00A20EE3F
:100C3000200A85ED020A9DF805009DF804100002C7
:100C400000B2084300EE100AB8EEC00A20EE200AF7
:100C500085ED030A6D46FFF7A1FF4A46294638464F
:100C600009F07EFCFFF792FF9DF800000F2832D1BB
:100C70009DF803009DF80210D4ED080A000200B2AE
:100C8000084300EE100AB8EEC00A20EE200A86EDF6
:100C9000000A9DF805009DF80410D4ED080A000232
:100CA00000B2084300EE100AB8EEC00A20EE200A97
:100CB00086ED010A9DF807009DF80610000200B2BB
:100CC000084300EE100A00E070E0B8EEC00A20EE23
:100CD000200A86ED020A02226946222009F0F4FD6C
:100CE0009DF800109DF80100C90041EA5010B0F5D0
:100CF000806F01DBA0F500602E4A00EE100AB4EE12
:100D0000001AF3EE070AB8EEC00A143AA2F59A7177
:100D1000A1F10C0040EE010AC8ED000A08F0EAFE5D
:100D20009FED260A2348B7EE004A1030F7EE003A4E
:100D30009FED213AF0EE402AB3EE0E2ADFED201AA5
:100D4000B2EE041AF6EE000A0CF00CF918481D4930
:100D5000DC30FFF7EBFE1B48A0F1180190ED000A14
:100D6000A0F1240281ED000AA0F1300382ED000A17
:100D700083ED000A90ED010A81ED010A82ED010A7E
:100D800083ED010A90ED020A0F4881ED020A82ED1F
:100D9000020A83ED020A04F02DFD08B100F055FBB4
:100DA0000A480C2105F002FD27706078BDE8FC8739
:100DB00038010024D821002400000000000048432E
:100DC0000000FA439020002498050024B408002471
:100DD00001B582B04FF4FA700123009001AA0448D3
:100DE00002A904F089FE0349C8639DF804000EBD02
:100DF0009805002438010024FEE7000070B51C4C63
:100E000000201C4DA070C0B200EB800101EBC001BE
:100E100029440A79120624D5D1F809200AB31449C5
:100E2000543151F8200001219047D0B11249552387
:100E3000A07800EB800611F8202001EB800106EB82
:100E4000C0002A5428444A78427089788170C3705F
:100E5000017921F08001017108F0C4FFE06A401CB3
:100E6000E062A078401CC0B2A0700428CBD370BD53
:100E7000380100246C21002434E70008014801F007
:100E800027B800004C060024014801F021B80000FA
:100E9000C4060024014801F01BB80000A00C002487
:100EA000014801F015B80000080E0024014801F0C7
:100EB0000FB80000800E0024014801F009B80000BE
:100EC000F80E0024014801F003B80000180D0024BA
:100ED000014800F0FDBF0000900D0024294A016880
:100EE00091423AD0274A1832914236D0254A3032C0
:100EF000914232D0234A483291422ED0214A603268
:100F000091422AD01F4A7832914226D01D4A90320F
:100F1000914222D01B4AA83291421ED01A4A9142D5
:100F20001BD0194A1832914217D0174A30329142D9
:100F300013D0154A483291420FD0134A6032914281
:100F40000BD0114A7832914207D00F4A9032914229
:100F500003D00D4AA832914211D1CAB21823103AD7
:100F6000B2FBF3F26FF30901032A02F00703074A09
:100F7000D25CC26500D9091D81650846704721F021
:100F8000FF01F9E71000024010040240A4E300084A
:100F900030B5224A012301689142CAB21BD01F4CCE
:100FA0001434A14217D01D4C2834A14213D01B4C3D
:100FB0003C34A1420FD0194C5034A1420BD0174CF5
:100FC0006434A14207D0154C7834A14203D0134CAD
:100FD0008C34A1420CD11421114C083AB2FBF1F12E
:100FE0000F4A803201F01F0504EB8101AB4010E095
:100FF0000C4D1824103A0D44B2FBF4F1A82D00D882
:101000000831094A01F01F0402EB8101064AA3409E
:101010008032603080E80E0030BD00000854025875
:1010200000580258F0FBFDBF0008024010B50279DD
:10103000531E072B2DD8174C0168A1421BD0154C0D
:101040001434A14217D0134C2834A14213D0114CB0
:101050003C34A1420FD00F4C5034A1420BD00D4C68
:101060006434A14207D00B4C7834A14203D0094C20
:101070008C34A14203D10849074C443102E00749AE
:10108000064C443104EB8202C0E91B210121994046
:10109000416710BD08540258FC580258FC08024031
:1010A00010B583694FF0C074826A0146002053B1C5
:1010B000B3F5005F15D072B1012A0CD0022A0AD014
:1010C000032A09D104E01AB1012A06D0022A03D169
:1010D000C96AC90100D5012010BDC96AA142FAD070
:1010E00010BD002AF7D0012AF2D0022AF3D0032A39
:1010F000F3D010BD2DE9F04F804E804FDFF8FC910A
:101100001836DFF8F8A148370468856D0AF1300A0F
:10111000DFF8ECB14C45DFF8ECC1DFF8ECE16DD065
:10112000B4426BD0544569D0BC4267D0DFF8D0815F
:10113000A8F11808444561D05C455FD064455DD096
:1011400074455BD0DFF8C481444557D0DFF8BC81DB
:1011500008F11808444551D0DFF8B08108F1300893
:1011600044454BD0DFF8A48108F14808444545D0F8
:10117000DFF8988108F1600844453FD0DFF88C81A2
:1011800008F17808444539D0DFF8808108F19008EB
:10119000444533D0DFF8748108F1A80844452DD0C8
:1011A000DFF86C81444529D0DFF8648108F1140828
:1011B000444523D0DFF8588108F1280844451DD064
:1011C000DFF84C8108F13C08444517D0DFF8408136
:1011D00008F15008444511D0DFF8348108F1640863
:1011E00044450BD0DFF8288108F17808444505D044
:1011F000DFF81C8108F18C08444509D1D0E9194871
:10120000C4F80480C46E1CB1D0E91C48C4F8048042
:1012100004684C452ED0B4422CD054452AD0BC4250
:1012200028D0374E183EB44224D05C4522D06445C5
:1012300020D074451ED0354EB4421BD0334E1836E4
:10124000B44217D0314E3036B44213D02F4E483608
:10125000B4420FD02D4E6036B4420BD02B4E7836B0
:10126000B44207D0294E9036B44203D0274EA83658
:10127000B44215D190F85C603F2406F01F06B440DC
:10128000AC600468256825F4802525602EE09A600E
:101290000068C160BDE8F08F99600068C260F9E73E
:1012A0001B4EB4421BD01A4E1436B44217D0184EFF
:1012B0002836B44213D0164E3C36B4420FD0144EEA
:1012C0005036B4420BD0124E6436B44207D0104EA2
:1012D0007836B44203D00E4E8C36B442DAD190F850
:1012E0005C60012406F01F06B4406C600468636013
:1012F0008368402B0368CFD1C9E70000100002408B
:1013000088000240A0000240B800024010040240E1
:10131000085402581D48F0B5021F808B117843080D
:101320008408C50860F30001060963F34101470919
:1013300064F382014FEA901C65F3C3014FEAD01EAB
:1013400066F30411030A67F34511440A6CF386112E
:10135000850A6EF3C7111170C60A070BC10B4FEA5D
:10136000503C4FEA903E507863F3000064F3410034
:1013700065F3820066F3C30067F304106CF3451055
:101380006EF3861061F3C7105070F0BD1C0000248E
:1013900070B5040046D02088C0F30A000CF096FC1B
:1013A000214D85ED020A6078A178C00840EA41101D
:1013B000C0F30A000CF08AFC85ED030AA078E178FE
:1013C0002279800940EA810040EA8220C0F30A00C5
:1013D0000CF07CFC85ED000A20796179400840EA38
:1013E000C110C0F30A000CF071FC85ED010A6079B0
:1013F000800928746079C0F301106874208AC0F3F2
:101400000A006882E088A8822089E88260892883AF
:10141000207BA876607BE876E089A883FFF77AFFD7
:101420000120A87770BD00001C0000247047012037
:1014300002F0F6BB4FF4806010B502F0F1FBBDE89E
:1014400010404FF4805002F0EBBB72B6FEE7000094
:10145000014801F0D9BD0000D4020024014801F088
:10146000D3BD0000C0030024014801F0CDBD000041
:10147000AC040024F0B503684FF6FC716D4C426B70
:10148000D3F884508D4345EA8205C3F8845003683D
:1014900053F8845F068F25F47F0545EA06451D60F5
:1014A000836B654D9F180268D2F888308B4343EAFE
:1014B0008703C2F88830026852F8883F868F23F489
:1014C000FE0343EA06431360066856F8A03FC26B6A
:1014D0008B4307EB420243EA82033360076857F805
:1014E000A03FB0F8406023F4FE0343EA06433B60AC
:1014F000D0E9103603FB06220368D3F8B0608E43B0
:1015000046EA8206C3F8B0600368B0F84860D3F8D2
:10151000B07027F4FE0747EA0646C3F8B060D0E98A
:101520001267036806FB0722D3F8AC608E4346EAD5
:101530008206C3F8AC60D0E91467036806FB072293
:10154000D3F8F0608E4346EA8206C3F8F060036881
:10155000B0F85860D3F8F07027F47C1747EA0646D5
:10156000C3F8F0600368876D53F8C06F02EB470261
:101570008E4346EA820119600168B0F85C20D1F818
:10158000C03023F47C1343EA0242C1F8C020016852
:1015900090F86020D1F8C03023F07C5343EA026217
:1015A000C1F8C020416B04EB8101C166826B01EB85
:1015B00082020267C36B02EBC3024267D0E91034B8
:1015C000634302EB83028267D0E91234634302EB88
:1015D0008302C267D0E91434634302EB8302C0F88C
:1015E0008020836D02EBC303C0F88430C46D826E2B
:1015F000544303EB8403C0F88830046E544303EB78
:101600008402C0F89020AA420AD9D0F89C20032175
:1016100042F02002C0F89C2080F898100120F0BD14
:10162000002200E004C1D0F890308B42FAD80020AC
:10163000F0BD000000AC0040FCD30040F0B58E6867
:101640000C69D1E9005744EA0604DFB145F0804552
:101650002C43866ED1E906C54F695E4391F8203070
:1016600045EA0C05B1F80CC0D0F884E0002047EA48
:1016700003630C4F1D430EEB860345EA0C45E3E87C
:1016800002450AE044EA8544E3E71418155C001DAE
:10169000D4F8014045EA042410C3CC683C5D844280
:1016A000F3D8F0BD48E30008C90710B50BD00649D0
:1016B0008424CB6844EA002423F4E660C860C86848
:1016C00010432043C86010BD00200052C9070BD052
:1016D0000649CA6822F03002CA60CA680243CA607A
:1016E000C86840F08800C8607047000000200052C1
:1016F0002DE9F047042789460024054602F0B4FB93
:10170000164E804608E0681C06D002F0ADFBA0EB48
:101710000800A84208D83DB1306937EA0000F2D08D
:10172000B9F1010F03D005E00320BDE8F0870C48B4
:1017300034690440600006D00A4881692143816110
:1017400074610120F1E7B9F1010F05D13069C003DF
:1017500002D54FF4803070610020E6E7002000528F
:101760000000EE17700F00242DE9F84F044602F038
:101770007BFB00903CB194F83500022806D0802114
:1017800061650020E4E00120BDE8F88FC74DC74E39
:10179000C649183520683036DFF81483DFF8149313
:1017A0008842DFF814A3DFF814B328D0A84226D06B
:1017B000B04224D0404522D0484520D050451ED0CC
:1017C00058451CD0BD4A1832904218D0BC4A9042AD
:1017D00015D0BB4A1832904211D0B94A30329042EB
:1017E0000DD0B74A4832904209D0B54A6032904293
:1017F00005D0B34A7832904201D0B14A90320268A3
:1018000022F001020260206888422ED0A8422CD02B
:10181000B0422AD0404528D0484526D0504524D053
:10182000584522D0A54A183290421ED0A44A904270
:101830001BD0A34A1832904217D0A14A30329042AE
:1018400013D09F4A483290420FD09D4A6032904256
:101850000BD09B4A7832904207D0994A90329042FE
:1018600003D0974AA832904209D1026822F01E02A2
:1018700002602068426922F08002426103E002684F
:1018800022F00E0202602768884938468F424DD008
:10189000A8424BD0B04249D0404547D0484545D0FA
:1018A000504543D0584541D08449183188423DD0F5
:1018B000834988423AD082491831884236D08049DB
:1018C0003031884232D07E49483188422ED07C491E
:1018D000603188422AD07A497831884226D07849C6
:1018E0009031884222D07649A83188421ED075496D
:1018F00088421BD073491431884217D0714928316E
:10190000884213D06F493C3188420FD06D49503125
:1019100088420BD06B496431884207D069497831DD
:10192000884203D067498C318F4214D1206E016800
:1019300021F4807101600EE002F096FA0099401ADD
:10194000052808D9202262650321002084F835107B
:1019500084F8340017E73868C007EDD1534A0121F5
:10196000206890422ED0A8422CD0B0422AD04045C8
:1019700028D0484526D0504524D0584522D04F4B3A
:10198000183398421ED04E4B98421BD04C4B183304
:10199000984217D04A4B3033984213D0484B4833C3
:1019A00098420FD0464B603398420BD0444B78336B
:1019B000984207D0424B9033984203D0404BA83313
:1019C000984208D194F85C703F23A06D07F01F0780
:1019D000BB40836007E094F85C30A06D03F01F0308
:1019E00001FA03F34360206890424DD0A8424BD0E7
:1019F000B04249D0404547D0484545D0504543D0F6
:101A0000584541D02D4A183290423DD02C4A904240
:101A10003AD02B4A1832904236D0294A303290427E
:101A200032D0274A483290422ED0254A6032904226
:101A30002AD0234A7832904226D0214A90329042CE
:101A400022D01F4AA83290421ED01E4A90421BD07C
:101A50001C4A1432904217D01A4A2832904213D0AE
:101A6000184A3C3290420FD0164A503290420BD066
:101A7000144A6432904207D0124A7832904203D01E
:101A8000104A8C3290420BD1D4E919024260E06EC8
:101A900030B1026822F480720260D4E91C02426014
:101AA000002084F8351084F834006DE61000024000
:101AB000580002407000024088000240A00002402E
:101AC00010040240085402582DE9F05F28B190F844
:101AD0003510022904D0802141650120BDE8F09F26
:101AE000764A764BDFF8D4C1183201683033744C33
:101AF000DFF8D0B16145744D744E754FDFF8D4E115
:101B0000DFF8D4A1DFF8D49131D091422FD099429F
:101B10002DD0A1422BD0594529D0A94227D0B1427E
:101B200025D0B94223D0DFF8AC81A8F1780841452F
:101B30001DD0DFF8A081A8F16008414517D0DFF87B
:101B40009481A8F14808414511D0DFF88881A8F1B7
:101B5000300841450BD0DFF87C81A8F118084145D9
:101B600005D0714503D0514501D049452AD14FF0E8
:101B7000040880F8358061451FD091421DD09942FC
:101B80001BD0A14219D0594517D0A94215D0B14256
:101B900013D0B94211D04F48783881420DD04D480A
:101BA0006038814209D04B484838814205D04948C5
:101BB0003038814201D047481838086820F00100C9
:101BC000086078E0D1F8008028F00108C1F80080B2
:101BD0000168D1F8008028F00E08C1F80080016883
:101BE000614546D0914244D0994242D0A14240D072
:101BF00059453ED0A9423CD0B1423AD0B94238D042
:101C0000344A783A914234D0324A603A914230D0E4
:101C1000304A483A91422CD02E4A303A914228D04C
:101C20002C4A183A914224D0714522D0514520D0F7
:101C300049451ED02A4A91421BD0294A143291426A
:101C400017D0274A2832914213D0254A3C3291427C
:101C50000FD0234A503291420BD0214A6432914234
:101C600007D01F4A7832914203D01D4A8C329142EC
:101C700018D1026E0121136823F48073136090F869
:101C80005C30826D03F01F0399405160D0E9191256
:101C90004A60C16E31B10A6822F480720A60D0E9EC
:101CA0001C124A600122016D002380F8352080F863
:101CB000343001B18847002010E7000010000240D6
:101CC000580002407000024088000240A00002401C
:101CD000B800024088040240A0040240B804024058
:101CE000085402582DE9F05F04007DD06D4A6D4B19
:101CF0006C491832206830336B4E6C4F8842DFF8E5
:101D0000B0C1DFF8B081DFF8B091DFF8B0A1DFF843
:101D1000B0B1DFF8B0E121D090421FD098421DD081
:101D2000B0421BD0B84219D0604517D0404515D0FD
:101D3000484513D0504511D058450FD070450DD0AF
:101D4000604D1835A84209D05E4D3035A84205D007
:101D50005C4D4835A84201D05A4D6035056825F0E4
:101D60000105056020680025884227D0904225D0D3
:101D7000984223D0B04221D0B8421FD060451DD038
:101D800040451BD0484519D0504517D0584515D06F
:101D9000704513D04B49183188420FD04949303132
:101DA00088420BD047494831884207D045496031C5
:101DB000884203D043497831884218D121210560F7
:101DC00020684560206885602068C56020680561DE
:101DD000206841612046FFF781F894F85C203F219C
:101DE00002F01F02914000E059E0816031E0364985
:101DF00088421BD034491431884217D032492831E7
:101E0000884213D030493C3188420FD02E4950319E
:101E100088420BD02C496431884207D02A49783156
:101E2000884203D028498C31884238D10560206827
:101E30004560206885602068C5602068056120468F
:101E4000FFF74CF894F85C20012102F01F0291404A
:101E500041602046FFF79CF8206E18B10560D4E978
:101E6000190141606068401E072807D82046FFF727
:101E7000DDF8E06E0560D4E91C014160E566256788
:101E80006567E56325646564A564E5642565656546
:101E900084F83550002084F83450BDE8F09F0120CC
:101EA000FBE70000100002405800024070000240B2
:101EB00088000240A0000240B80002401004024026
:101EC000280402404004024008540258406D704704
:101ED0002DE9FC5F0446F74E0020DFF8D883009020
:101EE0004FF41652F44808F11808A56DDFF8C493B2
:101EF000DFF8C0A3016809F1300920680AF1480A37
:101F0000B1FBF2F1B04201912F68D5F800C0DFF8C3
:101F1000ACB335D04146884232D0484530D05045E8
:101F20002ED058452CD0E5491831884228D0E349B5
:101F30003031884224D0E1494831884220D0E049FC
:101F400088421DD0DE491831884219D0DC49303131
:101F5000884215D0DA494831884211D0DFF860E371
:101F60000EF1600E70450BD0D54A7832904207D002
:101F7000D34B9033984203D0D149A83188427DD1C8
:101F800094F85C20082102F01F0201FA02F23A42A2
:101F90004AD0B04232D0404530D048452ED050458E
:101FA0002CD058452AD0C54A1832904226D0C34A70
:101FB0003032904222D0C14A483290421ED0C04AAC
:101FC00090421BD0BE4A1832904217D0BC4A3032E1
:101FD000904213D0BA4A483290420FD0B84A603289
:101FE00090420BD0B64A7832904207D0B44A903231
:101FF000904203D0B24AA832904203D1026802F064
:10200000040202E0026802F008026AB1026822F0EB
:102010000402026094F85C0000F01F008140A96097
:10202000606D40F00100606594F85C00012100F0F3
:102030001F008140394240D02068B04234D0404532
:1020400032D0484530D050452ED058452CD09B4AF0
:102050001832904228D0994A3032904224D0974A80
:102060004832904220D0964A90421DD0944A18326D
:10207000904219D0924A3032904200E0AFE113D042
:102080008F4A483290420FD08D4A603290420BD036
:102090008B4A7832904207D0894A9032904203D0DE
:1020A000874AA83290427DD1406910F0800F04D059
:1020B000A960606D40F00200606594F85C00042146
:1020C00000F01F00814039423ED02068B04232D03B
:1020D000404530D048452ED050452CD058452AD0C8
:1020E000764A1832904226D0744A3032904222D03A
:1020F000724A483290421ED0714A90421BD0704AB8
:102100001832904217D06E4A3032904213D06C4A47
:10211000483290420FD06A4A603290420BD0684AEF
:102120007832904207D0664A9032904203D0644A97
:10213000A83290424ED1006810F0020F04D0A9607E
:10214000606D40F00400606594F85C00102100F0C0
:102150001F008140394258D02068B04234D04045F9
:1021600032D0484530D050452ED058452CD0534A17
:102170001832904228D0514A3032904224D04F4AEF
:102180004832904220D04E4A90421DD04C4A1832DC
:10219000904219D04A4A3032904215D0484A4832CB
:1021A000904200E014E00FD0454A603290420BD0DC
:1021B000434A7832904207D0414A9032904203D04D
:1021C0003F4AA832904207D1006800F0080006E0BC
:1021D000006872E70068B7E7006800F00400A0B18B
:1021E000A96020680168490304D50068000308D588
:1021F000A16C07E00168C90503D4016821F008015A
:102200000160216C09B12046884794F85C002021C8
:1022100000F01F008140394279D02068B04232D0AE
:10222000404530D048452ED050452CD058452AD076
:10223000224A1832904226D0204A3032904222D090
:102240001E4A483290421ED01D4A90421BD01C4A62
:102250001832904217D01A4A3032904213D0184A9E
:10226000483290420FD0164A603290420BD0144A46
:102270007832904207D0124A9032904203D0104AEE
:10228000A832904203D1006800F0100002E000681C
:1022900000F00200B0B3A96094F83500042820686B
:1022A00001680FD049037ED5006800032BD5616C0F
:1022B0002AE00000100002401000002470000240DC
:1022C0001004024021F0160101602068416921F0EC
:1022D00080014161206C08B9A06C20B120680168C0
:1022E00021F00801016094F85C303F21012003F0E7
:1022F0001F0300229940A96084F8350084F8342037
:10230000216D65E003E0E16B09B120468847606D0F
:1023100000287DD0606DC00759D02068042184F862
:102320003510B0422BD0404529D0484527D05045E4
:1023300025D0584523D09D49884220D09B4918314B
:1023400088421CD099493031884218D09849884237
:1023500015D097491831884211D0954930318842BB
:102360000DD093494831884209D091496031884263
:1023700005D08F497831884201D08D49903101686C
:1023800021F00101016020680099019A491C009127
:10239000914202D80168C907F6D10068C00710D081
:1023A00003200FE0FFE70168C905ACD403680121F1
:1023B000002223F01003036084F8351084F83420E1
:1023C000A1E7012084F83500002084F83400E16C96
:1023D00000291DD002B02046BDE8F05F08477549CE
:1023E00088421DD073491431884219D0714928316F
:1023F000884215D06F493C31884211D06D49503127
:1024000088420DD06B496431884209D0694900E0A7
:1024100084E07831884203D066498C3188427DD18E
:1024200094F85C800427016808F01F0807FA08F791
:1024300017EA0C0F009746D04F0744D500980F04B9
:10244000686003D5C8033CD5A16CC1E7880638D4C1
:102450002068B0422DD055496039884229D048457E
:1024600027D0504525D0584523D05049884220D008
:102470004E49183188421CD04C493031884218D01E
:102480004B49884215D04A491831884211D04849F1
:10249000303188420DD046494831884209D07045D4
:1024A00007D0904205D0984203D04149A8318842D4
:1024B00003D1016821F0080102E0016821F0040164
:1024C0000160216C84E7022707FA08F717EA0C0F6E
:1024D00000974ED08F074CD500980F04686003D545
:1024E000C80344D4616C73E7880640D42068B042C6
:1024F0002FD02E49603988422BD0484529D05045ED
:1025000027D0584525D02949884222D0274918315B
:1025100088421ED025493031884200E044E018D07E
:102520002349884215D022491831884211D02049C8
:10253000303188420DD01E494831884209D070455B
:1025400007D0904205D0984203D01949A83188425B
:1025500003D1016821F0140102E0016821F00A01B1
:102560000160012184F83510002084F83400E16B0B
:102570002EE7082202FA08F212EA0C0F14D009071B
:1025800012D5016821F00E01016094F85C10012061
:10259000002201F01F0100FA01F16960606584F812
:1025A000350084F8342012E7BDE8FC9F8800024023
:1025B00010040240085402582DE9F05F044601F06F
:1025C00053FC002C07467DD0E24E022120684FF0DC
:1025D0000308DFF884934FF00005DFF880A3B042D2
:1025E000DFF87CB334D0DB4A1832904230D0484513
:1025F0002ED050452CD058452AD0D94A1832904276
:1026000026D0D74A3032904222D0D54A4832904222
:102610001ED0D44A90421BD0D24A1832904217D0D2
:10262000D04A3032904213D0CE4A483290420FD036
:10263000CC4A603290420BD0CA4A7832904207D0DE
:10264000C84A9032904203D0C64AA83290427DD107
:1026500084F83510B04284F834502ED0BD4918317A
:1026600088422AD0484528D0504526D0584524D005
:10267000BB491831884220D0B949303188421CD03A
:10268000B7494831884218D0B649884215D0B54973
:102690001831884211D0B349303188420DD0B14948
:1026A0004831884209D0AF496031884205D0AD49F0
:1026B0007831884201D0AB499031016821F00101A5
:1026C000016008E025E100BF01F0CEFBC01B05283A
:1026D00001D920211AE120680068C007F4D1D4E9AB
:1026E00002032168103418438E4694E88410D4E91C
:1026F000033809683A4310439B4A40EA0C00676973
:1027000018431140103C40EA0800042F40EA010041
:1027100003D1D4E90B12114308436168A1F12902E6
:10272000052A0BD9163A032A08D9083A012A05D9ED
:10273000083A032A02D97439032901D840F48010D9
:10274000CEF800002068676A406900E020E0042FAE
:1027500020F0070047EA00070DD1D4E90A0107433A
:1027600049B12046FEF79CFC28B14020606501215C
:1027700084F83510CDE0206847612046FEF7AEFBB7
:1027800094F85C203F2102F01F029140816055E0E7
:10279000764A90421BD0754B1433984217D0734B36
:1027A0002833984213D0714B3C3398420FD06F4B73
:1027B000503398420BD06D4B6433984207D06B4B2B
:1027C0007833984203D0694B8C3398427ED184F899
:1027D000351084F83450664B0168A26801EA030E94
:1027E000402A74D0802A73D05FF00002D4E90378C5
:1027F000D4E9053142EAD70242EAD8085B4AD4E973
:10280000077C48EAD30848EAD10141EAD70152429D
:1028100041EA1C11142341EA0E01016020681044B2
:10282000B0FBF3F08000E0652046FEF757FB94F81C
:102830005C20012102F01F02914041602068B042FB
:1028400057D044491831884253D0484551D050455B
:102850004FD058454DD042491831884249D040495F
:102860003031884245D03E494831884241D03D49C7
:1028700088423ED03B49183188423AD039493031FC
:10288000884236D037494831884232D035496031A4
:1028900088422ED03349783188422AD0314990314C
:1028A000884226D02F49A831884222D02F49884219
:1028B0001FD02E49143188421BD02C492831884220
:1028C00017D02A493C31884213D002E01DE017E0BE
:1028D00018E02649503188420BD02449643188429F
:1028E00007D022497831884203D020498C31884270
:1028F00029D12046FEF74CFBA06880280CD00CE0C4
:10290000102273E74FF4804270E74021616584F83C
:1029100035800120BDE8F09F6560216E2079086058
:10292000D4E9190141606068401E072808D8204694
:10293000FEF77CFBE06E0560D4E91C01416002E01B
:10294000E566256765670120656584F83500002028
:10295000E0E7000010000240400002405800024042
:1029600070000240100402403F8010FE08540258DC
:102970000F00FEFF2DE9F84F04008C464FF00000D9
:10298000009014D094F83400012812D094F83550F7
:102990000120002184F83400012D0CD0C0026065B4
:1029A0000120009084F834100098BDE8F88F0120D1
:1029B000FBE70220F9E78C4D0226206884F8356099
:1029C000A8428A4D61658A4E8A4FDFF82C82DFF873
:1029D0002C92DFF82CA2DFF82CB226D0A84224D00B
:1029E000B04222D0B84220D040451ED048451CD02D
:1029F00050451AD0584518D08349884215D082498D
:102A00001831884211D08049303188420DD07E493A
:102A10004831884209D07C496031884205D07A49E2
:102A20007831884201D078499031016821F0010164
:102A3000016061462046FEF75DFB6B4920688842D5
:102A40002CD0A8422AD0B04228D0B84226D0404547
:102A500024D0484522D0504520D058451ED06A4A3F
:102A600090421BD0684A1832904217D0664A3032E2
:102A7000904213D0644A483290420FD0624A60328A
:102A800090420BD0604A7832904207D05E4A903232
:102A9000904203D05C4AA83290420CD1026822F0E6
:102AA0001E0242F016020260206C88B120680268A3
:102AB00042F008020BE0026822F00E0242F00A0225
:102AC0000260206C20B12068026842F004020260BB
:102AD000206888424BD0A84249D0B04247D0B84283
:102AE00045D0404543D0484541D050453FD058455A
:102AF0003DD0454A90423AD0434A1832904236D0AF
:102B0000414A3032904232D03F4A483290422ED031
:102B10003D4A603290422AD03B4A7832904226D0D9
:102B2000394A9032904222D0374AA83290421ED081
:102B3000364A90421BD0354A1432904217D0334A5D
:102B40002832904213D0314A3C3290420FD02F4A63
:102B5000503290420BD02D4A6432904207D02B4A1B
:102B60007832904203D0294A8C3290420DD1206EA7
:102B70000268D20303D5026842F480720260E06EFC
:102B800018B1026842F4807202602068884226D040
:102B9000A84224D0B04222D0B84220D040451ED016
:102BA00048451CD050451AD0584518D0164988427F
:102BB00015D015491831884211D013493031884257
:102BC0000DD011494831884209D00F4960318842FF
:102BD00005D00D497831884201D00B499031016808
:102BE00041F001010160DFE61000024028000240D0
:102BF000400002405800024070000240880002403D
:102C0000A0000240B80002401004024008540258DC
:102C100070B5044601F028F90546601C02D004484E
:102C20000078044401F020F9401BA042FAD370BDA3
:102C30000400002410B590F89830012B09D0022B25
:102C400007D0D0F89C1041F00201C0F89C10012080
:102C500010BD03689C6D0C4203D1DC6D44F001048F
:102C600004E09C6D31EA04041FD00324DC658B056D
:102C700005D50368D3F8E0401443C3F8E0404B05A2
:102C800005D50368D3F8E4401443C3F8E440006872
:102C9000084A01EA0203446D074A1C434465106870
:102CA00040EA91701060002010BDDC6D44F0020419
:102CB000DCE70000FFFFCF3F14A8004070B50446DA
:102CC00090F89800022804D0D4F89C0040F0080046
:102CD0000DE02068D0F8C03013F07C5F0BD0D0F846
:102CE000C4309B020CD5D4F89C0040F40070C4F8AA
:102CF0009C00012070BDD4F89C0040F02000F6E755
:102D0000D0F8C400C0F3044520462B46FEF796FCDD
:102D100021680120A840C1F8D000C4F89400002028
:102D200070BD704770B590F89820012A09D0022A2A
:102D300007D0D0F89C1041F00201C0F89C1001208F
:102D400070BD0B68CA6883B10B69072A43EA4273F6
:102D500025D00C7A4A6942EA84724968006F00EB18
:102D6000C100C0E90032002070BD072A0DD00C7AE6
:102D7000D6060D8A4B6943EA847246EA0543C06E63
:102D800049681A4340F82120EDE70B8A4FF060555F
:102D9000D1E9062442EA034245EA0423EFE78A69BF
:102DA000DBE730B590F89850039C012D07D0D0F8A0
:102DB0009C1041F00401C0F89C10012030BD0D01B1
:102DC000016845EA820040EA43002043C1F88000E0
:102DD000002030BD70B590F89820012A09D0022A51
:102DE00007D0D0F89C1041F00201C0F89C100120DF
:102DF00070BD0368154A164C01EA02055E6D8A052E
:102E00004FF0000226EA05065E65236823EA917307
:102E1000236002D50368C3F8E020490502D50168A4
:102E2000C1F8E42001688A6D4B6D934303D1CB6DEB
:102E300023F00103CB650068416D114203D1C16DE0
:102E400021F00201C165002070BD0000FFFFCF3FEF
:102E500014A8004070477047F0B590F898500024CF
:102E6000022D04D0D0F89C1041F0080130E0402938
:102E700005D0412930D0056D8D4220D94DE005683F
:102E8000D5F8A04014F4FE0F19D0D5F8A44064067C
:102E90001AD0D5F8A440D5F8A460C4F30524F601EF
:102EA0000AD5D5F8A06016F0004F05D5D5F8A0508A
:102EB000641CC5F306452C40466F456C2BE0D0F8EA
:102EC0009C1041F0200103E0D0F89C1041F4807187
:102ED000C0F89C100120F0BD0568D5F8B04014F48E
:102EE000FE0FECD0D5F8B4406406EDD0D5F8B44070
:102EF000D5F8B460C4F30524F6010AD5D5F8B0605E
:102F000016F0004F05D5D5F8B050641CC5F3064542
:102F10002C40866FC56C654302E0456DC66F4D431E
:102F200006EB85052E6816F0804656602E6836D072
:102F300026F060461660D5F800C000262D4F0CF034
:102F4000005CC2F808C0D5F800C00CF0004CC2F814
:102F500010C0B5F804C01FFA8CFCC2F81CC0D5F82C
:102F600004C0CCF3034CC2F80CC0D5F804C00CF478
:102F7000801CC2F814C0D5F804C00CF4001CC2F8C0
:102F800018C0D5F804C0CCF3066CC2F820C0D5F840
:102F900004C008354FEADC7CC2F824C007E0C6F361
:102FA0008A46C7E715F806C003F806C0761CD2F8B3
:102FB0000CC017F80CC0B445F4D840290AD04129F8
:102FC0000CD020294FF001020CD200688A40C0F8D2
:102FD00098200DE00068C0F8A84009E00068C0F83B
:102FE000B84005E0006801F01F018A40C0F89C204D
:102FF0000020F0BD48E300080068D0F8C40000F0ED
:103000003F007047704700002DE9FF5FDFF834B3E1
:1030100004460BF10401DBF8000025680F68AA469E
:103020008007D5F85090696DD5F850806E6D2A6D87
:10303000D5F854C02B6D00EA8770009009F47049F0
:103040006F6D286D01EA09010191DAF85410DAF880
:103050005490DAF8505008F00F0806EA0806029675
:1030600002F0F00203F071536FEA09061F4000F00E
:1030700060700CEA020CCDF80CC0F20501EA000900
:103080000DD4E843C0050AD400214FF48073CAF878
:103090005030CBF800102046D4F8C0108847700597
:1030A00013D4E843400510D4206800234FF480680F
:1030B000D0F8DC20D0F8E410C0F85080CBF8003015
:1030C0001140D4F8B82020469047DFF87CA2009841
:1030D00058B12268830F00EA0A001065CBF800306F
:1030E0002046D4F8A02000999047019858B1226852
:1030F000830F00EA0A001065CBF800302046D4F8B0
:10310000A42001999047029858B12268830F00EAE1
:103110000A001065CBF800302046D4F8A8200299A8
:103120009047039858B12268830F00EA0A0010659F
:10313000CBF800302046D4F8AC20039990473005F6
:103140000DD4E84300050AD4236800204FF4006240
:103150001A65CBF800002046D4F8B0108847B005B7
:1031600013D4E843800510D4206800234FF400787E
:10317000D0F8D820D0F8E010C0F85080CBF800305C
:103180001140D4F8B4202046904730030DD4E843D2
:1031900000030AD4236800204FF400221A65CBF8FC
:1031A00000002046D4F8BC108847F0030DD4E84353
:1031B000C0030AD4236800204FF480321A65CBF88C
:1031C00000002046D4F8C410884770030DD4E843AB
:1031D00040030AD4236800204FF480221A65CBF8FC
:1031E00000002046D4F8C8108847B0030FD4E84345
:1031F00080030CD4236800204FF400321A65CBF80A
:103200000000D4F89C0040F08000C4F89C00B9F1A4
:10321000000F0CD022684FEA997309EA0A00106582
:10322000CBF800304946D4F8D020204690475FB113
:103230002268BB0F07EA0A001065CBF80030D4F80B
:103240009C003843C4F89C004049206888426CD1F7
:10325000606881468068800767D0D9F82060D9F817
:103260002410D9F82080D9F82420D9F820C0D9F822
:103270002470D9F82030D9F82450D9F8200003F46C
:10328000FC4306F00F0AD9F824601D4011EA0A0138
:10329000D9F824A008F030080CF4C07C00F4F02029
:1032A00002EA080807EA0C0706EA0006D9F820B087
:1032B00005D0C9F820102046D4F8D4209047B8F1A2
:1032C000000006D0616808624146D4F8D820204644
:1032D00090476FEA0A0040060FD46FEA0B004006E1
:1032E0000BD460684021C36BC26B01622046190C8D
:1032F000D4F8DC3002F03F02984737B160680762CB
:103300003946D4F8E0202046904735B16068056220
:10331000D4F89C002843C4F89C0036B1606806626B
:10332000D4F89C003043C4F89C00D4F89C000028DA
:1033300006D0D4F8CC1004B02046BDE8F05F0847B2
:10334000BDE8FF9F10A80040FFFFCF3F00A0004056
:103350002DE9F04194B0A5494C2204466846FDF79A
:1033600020F964B1A24D2068A84202D100F5807016
:10337000606094F898004FF0000820B137E0012019
:1033800014B0BDE8F0819B4AD4F8E410C4F8A02042
:10339000994884F89980C4F8A4009C34974800297F
:1033A000E06097482061974860619748A06197481E
:1033B000E06197482062974860629748A06297480A
:1033C000E06297482063974860639748A0639748F6
:1033D000E0639748206497486064A4F19C0402D19C
:1033E0009548C4F8E4002046D4F8E41088472068E3
:1033F000816921F01001816100F036FD0327064646
:1034000005E000BF00F030FD801B0A2811D82068BD
:1034100080690007F6D42068816941F0010181616B
:1034200000F022FD06460DE000F01EFD801B0A287C
:1034300008D9D4F89C0040F00100C4F89C0084F83E
:1034400098709CE720688069C007EDD0206881698A
:1034500041F002018161207C01282068816937D018
:1034600041F040018161607C01282068816932D08F
:1034700021F480418161A07C0128206881692DD0E0
:1034800041F4805181612068A268816921F4407112
:10349000114381612068816921F0A4018161206864
:1034A000016921F010010161E068012819D010B311
:1034B00002281BD02068816941F080018161206869
:1034C000016941F010010161E06803280ED012E0AB
:1034D00021F04001C6E741F48041CBE721F480515F
:1034E000D0E72068816941F0040103E02068816928
:1034F00041F020018161207E6FF0FF02D4E9077363
:10350000A68A1102400602EB0727A0F1007038439B
:1035100027685B1E184301EB06463043F861A0683C
:10352000B0F5407F11D104F12800A68C6FF00F0C8C
:1035300089C801EB0641401E02EB032210432268BA
:103540000CEB071318430843D060206E30B120689D
:10355000626ED0F8C0101143C0F8C010D4E9171241
:103560006846D14209D02168A36E51F8C82F50F89F
:10357000233022F007021A430A60216C49B1216806
:10358000636C51F8BC2F50F8233022F007021A4325
:103590000A60A16C51B12168E36C51F8BC2F50F85E
:1035A000233022F0700242EA03120A60216D51B109
:1035B0002168636D51F8BC2F50F8230022F4E062BB
:1035C00042EA002008602068A84204D1606881684F
:1035D00021F003018160C4F894800121C4F89C802B
:1035E00084F898102046FDF745FFC9E658E3000827
:1035F00000A00040232D0008D938000893380008A7
:1036000095380008DB380008D7380008D53800089E
:103610009138000805300008D3380008D138000878
:10362000552E0008572E0008CB380008CF38000868
:10363000CD380008C93800083D3600082DE9F047AC
:10364000B4B0814614212EA8FDF712F8B8216846BF
:10365000FDF70EF85A4C0026D9F800004FF08051C3
:10366000584A0C3C554F4FF00208554D9042DFF838
:1036700058A14FF0090930D100201B914A13CDE920
:103680000020684600F02AFE08B1FDF7DEFE38682B
:10369000401C3860012807D1286840F480702860F9
:1036A000286800F480703390206840F008002060A3
:1036B000206803222E922EA900F00800CDE92F8663
:1036C0003196CDE93290504600F0B6FA0022022140
:1036D000132000F051FC132033E03C4A904235D1D6
:1036E00000201B914FF40042CDE90020684600F015
:1036F000F5FD08B1FDF7A9FE3868401C38600128C7
:1037000007D1286840F480702860286800F4807031
:103710003390206840F002002060206860222E92E2
:103720002EA900F00200CDE92F863196CDE9329026
:10373000274800F081FA00220221142000F01CFC2E
:10374000142000F00CFC34B0BDE8F087214A904210
:10375000F9D100201B914FF40042CDE900206846CA
:1037600000F0BCFD08B1FDF770FE3868401C386001
:10377000012807D1286840F480702860286800F488
:1037800080703390206840F00800206020684FF47B
:1037900040512E91052200F00800CDE92F862EA978
:1037A0003196CDE93220504600F046FA00229F20A3
:1037B000114600F0E1FB9F20C3E700000000002459
:1037C000EC44025800A00040000C025800A4004045
:1037D0000004025800D400404FF0000310B53AB185
:1037E00090F89840012C0BD090F8984014B325E045
:1037F000D0F89C1041F48071C0F89C10012010BDDD
:1038000008291BD2DFE801F004070A0D1013232654
:10381000C0F8B02019E0C0F8BC2016E0C0F8C02005
:1038200013E0C0F8C42010E0C0F8C8200DE0C0F8D4
:10383000CC200AE006290AD007290BD0D0F89C102A
:10384000012341F48071C0F89C10184610BDC0F8E7
:10385000E420FAE7C0F8E820F7E74FF0000261B192
:1038600090F89830012B10D0D0F89C10012241F430
:103870008071C0F89C1010467047D0F89C1041F43D
:103880008071C0F89C1001207047C0F8A810F2E7C2
:1038900070477047704790F89810012907D0D0F80A
:1038A0009C1041F00401C0F89C10012070470221D7
:1038B00080F89810002201688B6923F001038B6166
:1038C000C0F89C201046704770477047704770479B
:1038D0007047704770477047704770472DE9F05F39
:1038E00004462D480F460026017D012911D00122F2
:1038F00002758046B146C0F818904CF2503A2079D3
:10390000C00709D001215046FDF7F2FE20B1012683
:103910003DE00220BDE8F09F2068204D012807D03F
:103920004FF0FF303860AA46A56840F2047B29E0DA
:1039300061682069FDF7CAFE2079C00727D0012100
:103940005046FDF7D5FE00B10126E86820F00800DA
:10395000E8601CE0226928466168FDF7A5FE207931
:10396000C0070ED001214CF25030FDF7C1FEDAF84D
:103970000C20060022EA0B02CAF80C2001D03D60A0
:1039800005E06D1CD4E902100844A842E2D8304694
:1039900088F81490BEE70000700F00240020005249
:1039A0000548C16841F00101C160C068C00701D08D
:1039B0000020704701207047002000522DE9F05F81
:1039C000214D08260F461446287D012813D00120DA
:1039D0002875A7F10061B1F5801F0FD24FF00009E3
:1039E0008246C5F818904CF2503B51465846FDF7B8
:1039F0007FFE28B124E00220BDE8F09F0120FBE714
:103A0000DFF84880D8F80C1041F00201C8F80C101B
:103A1000BFF36F8FBFF34F8F01CC761E16F0FF06FA
:103A200001C7F9D1BFF36F8FBFF34F8F514658468F
:103A3000FDF75EFED8F80C2022F00202C8F80C2038
:103A400085F81490D8E70000700F00240020005281
:103A50000748C168C90708D00649074A4160426063
:103A6000C068C00701D001207047002070470000E7
:103A70000020005223016745AB89EFCD2DE9F04FBF
:103A80004C4D00224FF0010A4FF00F0B8BE000BFAE
:103A90000AFA02F919EA01037DD022F0030606F1C1
:103AA000B0469407D6F808C4270FDFF80C810BFA4C
:103AB00007FE40450EEA0C0402D14FF0000C39E03D
:103AC000DFF8F8C0604502D14FF0010C32E0DFF8BA
:103AD000F0C0604502D14FF0020C2BE0DFF8E4C0EB
:103AE000604502D14FF0030C24E0DFF8DCC06045F4
:103AF00002D14FF0040C1DE0DFF8D0C0604502D1C8
:103B00004FF0050C16E0DFF8C8C0604502D14FF059
:103B1000060C0FE0DFF8BCC0604502D14FF0070C87
:103B200008E0DFF8B4C0604502D14FF0090C01E0B5
:103B30004FF00A0C0CFA07FCA44513D12C689C43E7
:103B40002C606F684FF0B0449F436F6067689F437D
:103B5000676027689F432760D6F8084424EA0E046C
:103B6000C6F8084406680323D7084FEA42084FEA1C
:103B7000427C03FA08F34FEADC6C1E4306600BFA42
:103B80000CF400EB87073E6AA6433E62C4689C4380
:103B9000C460446800E005E024EA090444608468E5
:103BA0009C438460521C31FA02F37FF471AFBDE88C
:103BB000F08F0000800000580000025800040258F6
:103BC00000080258000C0258001002580014025855
:103BD00000180258001C0258002402580F490A78A5
:103BE000042A12D0B0F5806F06D0B0F5805F0DD0FA
:103BF00001280AD106F0B4B9C87840F00100C870B5
:103C0000087940F00100087132B170474879002A04
:103C100040F001004871F8D106F02AB938010024BB
:103C20004FF0B04110B5D1F88820024203D0C1F85E
:103C30008800FFF7D3FF10BD2DE9F84F03247C4D1A
:103C400000234FF001094FF0B04B4FF00F0AE7E0AF
:103C500009FA03F632407BD00F7907F00307012FF2
:103C600001D0022F1AD187684FEA430ED1F80CC059
:103C700004FA0EF827EA08070CFA0EFC4CEA070CC7
:103C8000C0F808C0476891F804C0B743CCF3001CE3
:103C90000CFA03FC4CEA070CC0F804C00E79F6439A
:103CA000B60702D18E68012E0BD0C7684FEA4308D1
:103CB0008E6804FA08FC27EA0C0706FA08F63E4369
:103CC000C6600E7906F00306022E12D1DE080F69D7
:103CD0004FEA437C00EB8606B646366A4FEADC6C58
:103CE0000AFA0CF807FA0CF726EA08063743CEF86A
:103CF00020700F7906684FEA430807F0030704FABB
:103D000008FC07FA08F726EA0C06374307604E68F6
:103D100016F4403F1CD0474E376847F00207376023
:103D200036689F0706F00206009623F0030606F1A8
:103D3000B046B6463F0FD6F80864DFF8FC800AFAB2
:103D400007FC404526EA0C0603D14FF0000C3AE090
:103D500065E0DFF8E8C0604502D14FF0010C32E0C9
:103D6000DFF8DCC0604502D14FF0020C2BE0DFF839
:103D7000D4C0604502D14FF0030C24E0DFF8C8C086
:103D8000604502D14FF0040C1DE0DFF8C0C0604573
:103D900002D14FF0050C16E0DFF8B4C0604502D147
:103DA0004FF0060C0FE0DFF8ACC0604502D14FF0D9
:103DB000070C08E0DFF8A0C0604502D14FF0090C05
:103DC00001E04FF00A0C0CFA07FC4CEA060CCEF8A6
:103DD00008C44F68DBF80060FF0226EA020600D53F
:103DE00016435F46CBF80060D1F804C0DBF80460EE
:103DF0005FEA8C2C26EA020600D516437E606E68C8
:103E00004F6826EA0206BF0300D516436E602E688F
:103E10004F6826EA0206FF0300D516432E605B1C9E
:103E20000A6832FA03F67FF413AFBDE8F88F00009A
:103E300080000058F4440258000002580004025860
:103E400000080258000C02580010025800140258D2
:103E500000180258001C0258002402580AB181615F
:103E600070470904FBE700000148806870470000C4
:103E70000400002402488168027811448160704780
:103E800004000024032010B500F096F801F038F883
:103E90000F4A104914681368C4F3032203F00F0398
:103EA0008A5CC95C02F01F0201F01F01D0400A4A7F
:103EB00020FA01F11160094908600F2000F010F8A4
:103EC00008B1012010BD00F02BF8002010BD00004B
:103ED00018440258D4E30008140000241000002401
:103EE00070B50D4D04462878A0B14FF47A71B1FB3E
:103EF000F0F00A490968B1FBF0F002F0F5F848B9B2
:103F0000102C07D200222146501E00F035F8002068
:103F10006C6070BD012070BD0400002410000024FE
:103F2000054808B5016841F002010160006800F031
:103F30000200009008BD0000F444025800280DDB88
:103F4000410900F01F028900012001F1E0219040A9
:103F5000C1F88001BFF34F8FBFF36F8F7047002808
:103F600009DB410900F01F028900012001F1E02175
:103F70009040C1F8000170470E4BF0B41B680D462D
:103F8000C3F30223C3F10706042E00D90426191D2A
:103F9000072901D2002300E0DB1E012404FA06F108
:103FA0009C40491E2940641E994014402143F0BCA6
:103FB00009F03BB80CED00E0064900F0070210B52F
:103FC0004FF6FF040868044B204040EA02201843E3
:103FD000086010BD0CED00E00000FA05134970B553
:103FE0000A68D243520705D5096801F007018142EA
:103FF00013D118E00A6822F0070202430A60FFF7B3
:1040000033FF0A4D4FF47A760446083D07E000BFBF
:10401000FFF72AFF001BB04201D9012070BD2868BC
:10402000C0438004F4D4002070BD00000C48025846
:1040300010B500F01FFF05490968054AC1F30211D8
:10404000515C01F01F01C84010BD0000204402581F
:10405000D4E30008494930B5484C0B1D0A681434B4
:1040600009681D68246802F00303C5F30012C1F358
:104070000531C4F3CC04002914FB02F200EE102A2F
:10408000F8EE400A75D03F4A9FED3D1AB7EE000AA0
:104090006BB1DFED3D1A012B01D0022B64D002EE93
:1040A000101A1168F8EE422A81EEA22A21E0334C60
:1040B000283C23689B0612D5344B246801EE901AE5
:1040C0001168C4F3C104F8EE612AE34001EE903AAE
:1040D000C1F30801F8EE611A81EEA22A0BE001EEAD
:1040E000901ADFED2B2A00BFF8EE611A116882EEFC
:1040F000A12AC1F3080101EE901A1168F8EE611AC5
:1041000040EE811A71EE800A62EE200AC1F3462168
:1041100001EE101AB8EE411A31EE001AC0EE811A03
:10412000BCEEE11A80ED001A1168C1F3064101EE00
:10413000101AB8EE411A31EE001AC0EE811ABCEE28
:10414000E11A80ED011A1168C1F3066101EE101A3F
:10415000B8EE411A31EE000A80EE801ABCEEC10AB8
:1041600080ED020A30BD04E001EE901ADFED092A6D
:10417000BAE70021016041608160F3E728440258FA
:1041800000000039384402580024744A0090D003DB
:104190000024744C001BB74B494930B5484C0B1DEB
:1041A0000A681C3409681D68246802F00303C5F31B
:1041B0000022C1F30551C4F3CC04002914FB02F220
:1041C00000EE102AF8EE400A75D03F4A9FED3D1AE6
:1041D000B7EE000A6BB1DFED3D1A012B01D0022BC7
:1041E00064D002EE101A1168F8EE422A81EEA22A7B
:1041F00021E0334C283C23689B0612D5344B2468BD
:1042000001EE901A1168C4F3C104F8EE612AE3408C
:1042100001EE903AC1F30801F8EE611A81EEA22A8C
:104220000BE001EE901ADFED2B2A00BFF8EE611AC9
:10423000116882EEA12AC1F3080101EE901A1168FB
:10424000F8EE611A40EE811A71EE800A62EE200AE1
:10425000C1F3462101EE101AB8EE411A31EE001AF0
:10426000C0EE811ABCEEE11A80ED001A1168C1F3AC
:10427000064101EE101AB8EE411A31EE001AC0EEF6
:10428000811ABCEEE11A80ED011A1168C1F30661D2
:1042900001EE101AB8EE411A31EE000A80EE801AD3
:1042A000BCEEC10A80ED020A30BD04E001EE901AB6
:1042B000DFED092ABAE70021016041608160F3E780
:1042C0002844025800000039404402580024744A2F
:1042D0000090D0030024744C001BB74B2DE9FE4F17
:1042E0000546DFF800A450F8081B0024FD4FC94321
:1042F000019005F1280026460AF1240A00900801E1
:104300001DD4686E50B1B0F5801F0CD0B0F5001F01
:104310000ED0B0F5401F1ED001240FE0386840F4E5
:104320000030386017E00198022103F0C7FE03E077
:104330000098022103F052FF04000CD02646288882
:10434000C043C00523D4A86D05281ED2DFE800F0C5
:104350000C11161B1B006A6EDAF8001021F44011D4
:104360001143CAF80010EAE7386840F400303860BA
:1043700009E00198002103F0A1FE03E0009800216C
:1043800003F02CFF0446C4B100E00124264628882F
:10439000DFF85083C04308F12C0840052FD4D5F82E
:1043A000A400B0F5C00F28D010DCB8B1B0F5001FE4
:1043B00019D0B0F5800F0FD11AE0AA6DDAF800100D
:1043C00021F007011143CAF80010E0E7B0F5000F33
:1043D00013D0B0F5200F10D001240FE0386840F45E
:1043E0000030386009E00198002103F067FE03E027
:1043F0000098002103F0F2FE044694B12646288876
:10440000C043000530D4D5F8A800B0F1407F29D0D2
:1044100011DCC0B1B0F1807F1AD0B0F1007F10D1B3
:104420001BE0D5F8A420D8F8001021F46001114356
:10443000C8F80010E3E7B0F1806F13D0B0F1A06FBF
:1044400010D001240FE0386840F40030386009E0F3
:104450000198002103F032FE03E00098002103F0F0
:10446000BDFE044694B126462868DFF878B2C04302
:104470000BF1200B80011FD4E86CD8B110280FD0AD
:10448000202812D0302815D0012414E0D5F8A82017
:10449000D8F8001021F0E0611143C8F80010E3E7FC
:1044A000386840F40030386004E00198022103F0DD
:1044B00005FE044674B126462888C043C0042BD4A8
:1044C000E86DB0F5005F20D00DDCA0B1B0F5805FE5
:1044D0000FD115E0EA6CDBF8001021F03001114338
:1044E000CBF80010E8E7B0F5405F13D0B0F5804F8F
:1044F00010D001240FE0386840F40030386009E043
:104500000198002103F0DAFD03E00098002103F098
:1045100065FE04468CB126462888C043800429D411
:10452000286EB0F5403F23D010DC08B3B0F5803FD3
:1045300014D0B0F5003F0FD115E0EA6DDAF80010A5
:1045400021F4E0411143CAF80010E5E7B0F5802FEF
:104550000ED0B0F5A02F0BD001240AE00198012164
:1045600003F0ACFD03E00098012103F037FE0446A0
:1045700094B126462888C04340042AD4D5F8AC001C
:10458000B0F1405F23D010DC08B3B0F1805F14D0ED
:10459000B0F1005F0FD115E02A6EDAF8001021F4B7
:1045A000E0211143CAF80010E4E7B0F1804F0ED0CB
:1045B000B0F1A04F0BD001240AE00198012103F0D3
:1045C0007DFD03E00098012103F008FE044674B16C
:1045D00026462888C04300041FD4E86ED8B1B0F145
:1045E000805F0ED0B0F1005F10D0012414E0D5F848
:1045F000AC20D8F8001021F0E0411143C8F80010B9
:10460000E7E7386840F40030386004E001980121A1
:1046100003F054FD044674B126462868C043C00127
:104620001ED4A86CD0B101280ED0022811D00328C6
:1046300014D0012413E0EA6EDAF8001021F04051A2
:104640001143CAF80010E8E7386840F400303860D9
:1046500004E00198022103F031FD04466CB12646C6
:104660002868C043400255D41F48016841F4807156
:104670000160FFF7F9FB81460EE0AA6CDBF8001041
:1046800021F003011143CBF80010E9E7FFF7ECFB41
:10469000A0EB090064283BD813480068C005F5D595
:1046A000BCBBDFF84090B5F8B01009F14409D9F867
:1046B000000001F4407100F44070884211D0D9F834
:1046C0000010D9F8002021F4407142F48032C9F87A
:1046D0000020D9F8002022F48032C9F80020C9F85F
:1046E000001003E02C44025800480258D5F8B000EE
:1046F000B0F5807F19D1FFF7B7FB029011E000BF42
:10470000FFF7B2FB0299411A41F28830814208D981
:10471000032426462878DFF81494C043C00721D02C
:104720003CE0D9F800008007EAD5D5F8B010C1F315
:1047300001200328FE480DD0016821F47C5101605E
:10474000B5F8B020D9F80010C2F30B021143C9F834
:104750000010DFE7F74A036802EA111223F47C51E4
:104760001143ECE7A86F182816D005DCA0B1082883
:1047700008D0102804D10AE020280DD028280BD01A
:1047800001240AE00198012103F098FC03E000985D
:10479000012103F023FD044664B126462878C04376
:1047A00080071ED4686F062819D2DFE800F0160CC7
:1047B00011161616AA6FD9F8001021F0380111430E
:1047C000C9F80010EAE70198012103F077FC03E043
:1047D0000098012103F002FD04467CB100E00124B1
:1047E00026462878C04340071FD4D5F890000628F5
:1047F00019D2DFE800F0160C111616166A6FD9F8F8
:10480000001021F007011143C9F80010E9E70198F1
:10481000012103F053FC03E00098012103F0DEFCCA
:104820000446A4B100E0012426462878C04380064F
:104830002BD4D5F88C00B0F1405F24D011DC10B33C
:10484000B0F1805F15D0B0F1005F10D116E0D5F85F
:104850009020D8F8001021F007011143C8F800108B
:10486000E3E7B0F1804F0ED0B0F1A04F0BD00124A0
:104870000AE00198002103F021FC03E000980221E6
:1048800003F0ACFC044694B126462878C0434006A9
:104890002BD4D5F89800B0F5406F24D011DC10B3BC
:1048A000B0F5806F15D0B0F5006F10D116E0D5F8D7
:1048B0008C20D9F8001021F0E0411143C9F8001014
:1048C000E3E7B0F5805F0ED0B0F5A05F0BD0012418
:1048D0000AE00198002103F0F1FB03E000980221B7
:1048E00003F07CFC044694B126462878C0430006B9
:1048F0002BD4D5F89C00B0F5C04F24D011DC10B3F8
:10490000B0F5005F15D0B0F5804F10D116E0D5F8A6
:104910009820D8F8001021F4E0511143C8F8001095
:10492000E3E7B0F5004F0ED0B0F5204F0BD00124D7
:104930000AE00198002103F0C1FB03E00098022186
:1049400003F04CFC044654B126462878C0430007C7
:104950001ED4D5F88000B0F5805F0AD00FE0D5F8FE
:104960009C20D8F8001021F460411143C8F80010D1
:10497000EBE70098022103F031FC00B10126D5F8E5
:104980008020D9F8001021F440511143C9F80010DB
:104990002878C043C00613D4D5F89400B0F5807FC2
:1049A00005D10098022103F019FC00B10126D5F8C9
:1049B0009420D8F8001021F440711143C8F8001079
:1049C0002868C043000316D4D5F8A00038B1B0F56C
:1049D000803F09D0B0F5003F0BD001240AE00198D8
:1049E000002103F06BFB03E00098022103F0F6FBCB
:1049F00004468CB126462868C043400322D4D5F82B
:104A00008400B0F5801F11D0B0F5001F13D0B0F5B1
:104A1000401F15D0012414E0D5F8A020D8F80010CC
:104A200021F440311143C8F80010E4E7386840F43D
:104A30000030386004E00098012103F0CFFB044609
:104A40005CB126462868C043C0031CD4286D70B1F1
:104A5000B0F5803F10D0012414E0D5F88420D9F8B7
:104A6000001021F440111143C9F80010EAE738683A
:104A700040F40030386004E00198022103F01EFB8E
:104A80000446DCB126462868C043800005D400985F
:104A9000022103F0A3FB00B101262868C043800374
:104AA0001BD4E86FB8B1B0F5807F10D0B0F5007FAF
:104AB00011D0B0F5407F0ED001240DE02A6DDBF857
:104AC000001021F480311143CBF80010DBE7386887
:104AD00040F4003038607CB326462868C043C002EA
:104AE00007D42A6FDAF8001021F000411143CAF808
:104AF00000102868C043800207D4AA6EDAF80010BC
:104B000021F080711143CAF800102868C0434000AA
:104B100009D40748016821F4004101600168D5F813
:104B2000B420114301602868C04306E05444025891
:104B300010440258CFFFFF001DE007D46A6DDBF878
:104B4000001021F040511143CBF800102868C043F9
:104B5000000208D4D5F88820D9F8001021F44001CB
:104B60001143C9F8001028790024C04300F0010067
:104B7000204309D00EE0EA6FD9F8001021F440710B
:104B80001143C9F80010A8E70198002103F096FA34
:104B900000B106462879C04300F00200204305D149
:104BA0000198012103F08AFA00B106462879C04332
:104BB00000F00400204305D10198022103F07EFAA1
:104BC00000B106462879C04300F00800204305D113
:104BD0000098002103F002FB00B106462879C0438B
:104BE00000F01000204305D10098012103F0F6FAEF
:104BF00000B106462879C04300F02000044304D1E8
:104C00000098022103F0EAFA00B916B10120BDE8CC
:104C1000FE8F0020FBE700002DE9F05F04000F4647
:104C20007ED0DFF83882D8F8000000F00F00B842DC
:104C30000CD2D8F8001021F00F013943C8F8001049
:104C4000D8F8000000F00F00B84269D12078844DF8
:104C500040070AD52069296801F07001884204D90B
:104C6000296821F070010143296020787C4E361DAF
:104C700000070AD56069316801F07001884204D9E3
:104C8000316821F07001014331602078C0060AD5F7
:104C9000A069316801F4E061884204D9316821F4E7
:104CA000E061014331602078DFF8B4B180060BF198
:104CB000080B0CD5E1695846DBF8002002F07002C1
:104CC000914204D9026822F070020A4302602078FF
:104CD00080070AD5E068296801F00F01884204D9ED
:104CE000296821F00F01014329602078C0073ED0D8
:104CF0005B49A2682868183920F470601043286066
:104D00006068022818D0032819D00968012819D032
:104D1000490700294ADADFF848A1AAF1080A00E0A9
:104D200044E0DAF8002022F007020243CAF800202B
:104D3000FFF79AF8814612E009688903E9E70968F4
:104D40008901E6E7C905E4E7FFF78EF8A0EB090162
:104D500041F28830814202D90320BDE8F09F6168AA
:104D6000DAF8000000F03800B0EBC10FECD1207889
:104D700080070AD5E068296801F00F01884204D253
:104D8000296821F00F0101432960D8F8001040463E
:104D900001F00F01B9420BD9016821F00F0139432D
:104DA0000160006800F00F00B84201D00120D4E794
:104DB000207840070AD52069296801F070018842EF
:104DC00004D2296821F0700101432960207800078E
:104DD0000AD56069316801F07001884204D23168F7
:104DE00021F07001014331602078C0060AD5A06926
:104DF000316801F4E061884204D2316821F4E06155
:104E000001433160207880060CD5E1695846DBF813
:104E1000002002F07002914204D2026822F0700277
:104E20000A43026000F06CF80E492A682B68C2F34E
:104E3000032203F00F038A5CC95C02F01F0201F039
:104E40001F01D040084A20FA01F1116007490860AB
:104E500007480068BDE8F05FFFF742B80020005245
:104E600018440258D4E30008140000241000002461
:104E70000800002430B500F043F80B4A0B490C4BF6
:104E800015681468C5F3032204F00F048A5C095DF9
:104E900002F01F0201F01F01D040064A20FA01F182
:104EA00019601060084630BD18440258D4E3000869
:104EB000140000241000002400B5FFF7DBFF0549B3
:104EC0000968054AC1F30211515C01F01F01C84095
:104ED00000BD00001C440258D4E3000800B5FFF7F1
:104EE000C9FF05490968054AC1F30221515C01F077
:104EF0001F01C84000BD00001C440258D4E3000854
:104F0000454970B545480968434B103B11F03802DC
:104F100008D00111082A03D0102A0BD0182A0BD070
:104F2000084670BD19688906FBD51968C1F3C1012F
:104F3000C84070BD3A4870BD3749374D18310C1D17
:104F400024350A68096826682D6802F0030406F013
:104F50000102C1F30511C5F3CC0515FB02F200EE09
:104F6000102AB8EE400AE9B32F4ADFED2E0AB7EE59
:104F7000001A6CB1DFED2D1A012C01D0022C43D0A8
:104F800002EE101A1068F8EE422A81EEA22A1EE004
:104F90001C68A40611D51B6801EE901A1168C3F3B2
:104FA000C103F8EE612AD84001EE900AC1F308006F
:104FB000F8EE611A81EEA22A0BE001EE901ADFED05
:104FC0001C2A00BFF8EE611A106882EEA12AC0F315
:104FD000080001EE900AF8EE611A40EE201A31EE58
:104FE000810A00E015E022EE000A1068C0F34620B6
:104FF000401C00EE900AF8EE600A80EE201ABCEE2B
:10500000C10A10EE100A70BD01EE901ADFED092AF8
:10501000D8E7002070BD0000104402580090D00373
:1050200000366E0100000039304402580024744AF2
:105030000024744C001BB74B2DE9F05F04007DD0B9
:10504000FF4F2078FE4D1837DFF8F483103DC0077E
:1050500048D0D8F80000396800F03800102815D082
:10506000182803D101F0030002280FD06068B0F5C2
:10507000803F12D010B1B0F5A02F18D0286820F4CE
:1050800080302860286820F4802009E028688003A8
:1050900028D560680028D2D024E0286840F4803009
:1050A0002860606888B1FEF7DFFE064609E02868E0
:1050B00040F480202860F0E7FEF7D6FE801B6428CD
:1050C0007ED828688003F7D50CE0FEF7CDFE0646B3
:1050D00005E000BFFEF7C8FE801B6428F0D82868F2
:1050E0008003F7D42078800756D5D8F80000DFF881
:1050F0005093396810F03800A9F10C090ED0182827
:1051000001D188070AD0E068A8B3296821F0190105
:1051100001432960FEF7A8FE064628E028684007FC
:1051200002D5E06800288AD0E168286820F01900DC
:1051300008432860FEF798FE064606E0D2E000BF6E
:10514000FEF792FE801B0228BAD828684007F7D5E0
:10515000217CD9F8002022F0FE4242EA0161C9F820
:10516000001019E0FEF780FE801B0228A8D82868EE
:105170004007F7D5ECE7FFE7286820F0010028603A
:10518000FEF772FE064604E0FEF76EFE801B022864
:1051900096D828684007F7D42078C00646D5D8F8B6
:1051A0000000DFF89C92396800F03800A9F104098A
:1051B000082812D0182805D101F00300012800E0CA
:1051C000CEE00AD0E0690028286820D040F08000B6
:1051D0002860FEF749FE064615E02868C00502D59E
:1051E000E06980287ED194F82010D9F8002022F0C0
:1051F0007C5242EA0161C9F8001017E0FEF734FE64
:10520000801B0228A0D82868C005F7D5EBE720F05E
:1052100080002860FEF728FE064604E0FEF724FE24
:10522000801B022890D82868C005F7D42078000792
:1052300029D583486169643000298146016811D00D
:1052400041F001010160FEF70FFE064605E000BFD8
:10525000FEF70AFE801B022888D8D9F800008007D4
:10526000F6D510E021F001010160FEF7FDFD0646D4
:1052700005E000BFFEF7F8FD801B022870D8D9F8C2
:1052800000008007F6D42078800623D5A069002886
:10529000286810D040F480502860FEF7E5FD0646EF
:1052A00005E000BFFEF7E0FD801B022858D8286803
:1052B0008004F7D50EE020F480502860FEF7D4FD7E
:1052C000064604E0FEF7D0FD801B022848D8286877
:1052D0008004F7D42078400751D5DFF86891D9F8D9
:1052E000001000E015E141F48071C9F80010FEF7EC
:1052F000BBFD064605E000BFFEF7B6FD801B642837
:105300002ED8D9F80000C005F6D54D4EA0686036FD
:1053100001280AD008B1052813D0306820F0010018
:105320003060306820F0040002E0306840F0010096
:105330003060A06841F2883A98B1FEF795FD814649
:105340000AE0306840F004003060EEE7FEF78CFDC4
:10535000A0EB0901514503D830688007F6D50EE06F
:1053600072E0FEF781FD814606E000BFFEF77CFD9E
:10537000A0EB0901514567D830688007F6D4606A10
:1053800000287CD0DFF8B8A0D8F800100AF1200A75
:105390004FF6F87B0AF10408C1F3C2010329AAF110
:1053A00004096DD00228286820F08070286003D09E
:1053B000FEF75AFD044681E0FEF756FD064604E07E
:1053C000FEF752FD801B022875D828688001F7D4AB
:1053D000E26A40F2F331386854F8283F884340EAE3
:1053E000021018433860217B4FF4FE0C22894FF0E5
:1053F000FE47208A4902267D521E401EA1F50071FB
:1054000089B2C2F308021143761E0CEA0040014340
:10541000484607EA06621143CAF80010D9F800109E
:1054200021F00101C9F80010D8F80030266A23EAFB
:105430000B0343EAC601C8F80010D9F8001004E0D5
:10544000104402580048025835E0A26921F00C01CE
:105450001143C9F800100168E26921F0020111430B
:105460000160016841F480310160016841F400315C
:105470000160016841F480210160016801E06CE095
:1054800020E041F001010160286840F08070286050
:10549000FEF7EAFC044604E0FEF7E6FC001B0228E7
:1054A00009D828688001F7D557E000BFFEF7DCFC7B
:1054B000001B022802D90320BDE8F09F2868800164
:1054C000F4D44AE039680128DAF8000021D0A26A51
:1054D00001F0030393421CD1E26AC1F305118A4231
:1054E00017D1216BC0F30802491E8A4211D1616BAA
:1054F000C0F34622491E91420BD1A16BC0F3064274
:10550000491E914205D1E16BC0F30660491E8142FC
:1055100001D00120D0E7A16C4646D8F80000C0F3C6
:10552000CC00814219D0D9F800004D4620F001008E
:10553000C9F80000FEF798FC4FEA0007FEF794FC5C
:10554000B842FBD0A26C306820EA0B0040EAC200EF
:105550003060286840F0010028600020ACE7704708
:10556000D0F8841041F48061C0F8841001207047A5
:10557000164A0168914228D1D0F88410102905D02C
:10558000D0F88400002820D0FBF75FBF104900222C
:10559000C0F884204879830705D520F0010040F049
:1055A0000200487110E00879830705D520F001005A
:1055B00040F00200087107E0C878830704D520F0A6
:1055C000010040F00200C8700A70704700380040C7
:1055D000380100242DE9F0470446006800210369E2
:1055E0004269876894F8816000F130095FEA025CE3
:1055F00003EA020508D51A0706D5816941F400615E
:105600008161D4F8A8107AE015F0600F08D168071E
:1056100006D5616F20468847216F204688470121C3
:1056200005F04100012805D1680703D4216F204609
:105630008847012105F02200022803D1680701D420
:10564000616F5CE000297DD128074FF001085AD531
:105650002068816941F0080181612068816941F019
:10566000100181612068816941F4006181612068D5
:10567000016921F0080101612068806810F4404F41
:1056800020D023E0E0680F2806D92168606E096BFE
:105690000160606E001D0FE0072806D9B9F8000010
:1056A000616E0880606E801C06E02068616E90F874
:1056B00030000870606E401C6066B4F86A00401EDE
:1056C000A4F86A00B4F86A000028DBD1204602F092
:1056D0001BFE84F88180D4F8840010B1D4F8A010A7
:1056E0000DE0052E06D0042E07D0032E7DD1D4F870
:1056F000881004E0D4F8901001E0D4F88C10204613
:10570000BDE8F047084715F4587F6ED068060AD503
:10571000D4F8840040F00400C4F884002068816953
:1057200041F040018161A8050AD5D4F8840040F019
:105730000100C4F884002068816941F4007181612E
:10574000E80500E051E00AD5D4F8840040F00800F4
:10575000C4F884002068816941F480718161A806E1
:105760000AD5D4F8840040F08000C4F88400206892
:10577000816941F020018161D4F88400002834D08F
:10578000206840F26B32C7F381310368032923F0AC
:10579000010101602068016921EA0201016102D072
:1057A00084F881809AE72068114D816821F4404196
:1057B0008160E06F50B10565E06FFCF785F928B1B5
:1057C000D4F8840040F04000C4F88400A06F0028A2
:1057D0000BD00565A06FFCF777F9002805D0D4F849
:1057E000840040F04000C4F88400BDE8F087000069
:1057F000C58300082DE9F047040029D0674A4FF01F
:1058000000092068664B674D9042C4F8289006D086
:10581000984204D0A84202D0E1680F2918D8E16864
:105820004FF0010AE76B0831C9080AEB57167143BC
:10583000904205D0984203D0A84201D0082907D849
:10584000904203D0984201D0A84204D1102902D935
:105850000120BDE8F08794F8810010BB524AD4F8CB
:10586000AC10C4F88820514884F88090C4F88C00AB
:1058700080344F4820614F4860614F48A0614F48D5
:10588000E0614F4820624F4860624F48A062A4F137
:10589000800411B94D48C4F8AC002046D4F8AC10CF
:1058A0008847022084F881002068016821F0010106
:1058B00001602068A1698268B1F1806F02F4F8117B
:1058C00010D16268B2F5800F01D01AB10AE0A26B64
:1058D00022B107E0A26BB2F1805F03D1026842F40B
:1058E000805202606068400209D5E068072806D34C
:1058F0002068236D026822F480721A4303E0206856
:10590000026822F480720260A66AE069E26B256890
:105910003043E3680A4310431843A860D4E90D02FA
:10592000D4E90581636A25691843276A0A43266812
:1059300010432843A56DD4E901C2D4E9123140EAED
:105940000800384340EA0C0008431043184328433A
:10595000F060606868B92068816821F4C05141F442
:10596000006181602068816821F4C06141F4806138
:1059700081602068016D21F00101016560684002CD
:1059800006D52068626DC16821F000411143C160F5
:10599000C4F8849084F881A000205AE700300140C8
:1059A00000380040003C004041600008F15A000807
:1059B0004560000843600008F35A0008D5600008FD
:1059C000715500085F550008F55A0008D1590008C4
:1059D0002DE9F041B4B0074614212EA8FAF748FE8D
:1059E000B8216846FAF744FE3B49386888426FD1CF
:1059F0008114002017900446CDE900106846FEF798
:105A00006DFC08B1FBF721FD3448016841F4804189
:105A10000160006800F48040339030480838016825
:105A200041F004010160016801F004013391016853
:105A300041F00201016000680526022500F0020025
:105A4000339006202E90CDE92F5425482EA9CDE97C
:105A50003146FEF7F1F828032E90CDE92F54214866
:105A60002EA9CDE93146FEF7E7F81F4E27221F4940
:105A70004FF48068304686E81600C6E90348746132
:105A8000B461F46134627462FCF796FD08B1FBF70F
:105A9000DCFC154D2822154940237835FE67183166
:105AA000B763284685E81E016C61AC61EC612C622D
:105AB0006C62FCF781FD08B1FBF7C7FC0022BD67F3
:105AC00024201146AF63FEF757FA2420FEF747FA69
:105AD00034B0BDE8F081000000380040E8440258CE
:105AE00000080258000402584C060024100002402E
:105AF00070477047704700002DE9FF4F0446C06BA8
:105B000017461D4683B042092068521C00F120014F
:105B100030301FFA82FBCDE90001FEF7A5F982467D
:105B200094F881002E46012835D1049800287CD0B5
:105B3000002FFCD0002DFAD094F8800001282AD044
:105B40004FF0010984F8809005224FF0000884F896
:105B50008120C4F884806766A4F86A50A4F868506D
:105B60000499E165A4F86250A4F86050C4F870800C
:105B7000C4F874802068C16821F4C021C160AD49B7
:105B80002068884205D0AC49884202D0AB4988429F
:105B900005D1102704E0022007B0BDE8F08F0827E8
:105BA00041686FF30F01294341602068016841F0AB
:105BB000010101606068B0F5800F04D120680168C0
:105BC00041F400710160E0680F284CD9BF0838E04B
:105BD00020684169890710D57EB1F119A9420CD915
:105BE000E16D09680162E06D001DE065B4F86200D6
:105BF000401EA4F86200B4F862602068416905B3F1
:105C00004269D20703D15D4510D209040ED5006B5D
:105C1000616E0860606E001D6066B4F86A00401E28
:105C2000A4F86A00B4F86A500BE0F0E0FEF71CF943
:105C3000A0EB0A011098814202D3401C01D004E07D
:105C400018B156EA0500C3D1C8E0204602F05CFB5B
:105C5000D4F8840084F8808040F48070C4F8840014
:105C600084F88190E2E007287BD97F084EE0206825
:105C70004069800711D586B1F019A8420DD9E06DB1
:105C8000018801980180E06D801CE065B4F8620035
:105C9000401EA4F86200B4F86260216848692DB320
:105CA0004969C9070AD000980088616E0880606E53
:105CB000801C6066B4F86A00401E13E05D4516D291
:105CC000010414D500980088616E0880606E801C05
:105CD0006066009909880180606E801C6066B4F877
:105CE0006A00801EA4F86A00B4F86A500EE0012D24
:105CF00001D18004D7D4FEF7B7F8A0EB0A011098C1
:105D0000814202D3401C01D083E058B356EA05001B
:105D1000ADD163E020684169890711D586B1F119D9
:105D2000A9420DD9E16D097880F82010E06D401C82
:105D3000E065B4F86200401EA4F86200B4F8626046
:105D4000206841696DB14269D2070CD090F83000EB
:105D5000616E0870606E401C6066B4F86A00401E98
:105D600024E038E055E05D4525D20A0423D590F8BB
:105D70003000616E0870606E401C6066216891F8AA
:105D800030100170606E401C6066216891F8301020
:105D90000170606E401C6066216891F830100170DF
:105DA000606E401C6066B4F86A00001FA4F86A00C8
:105DB000B4F86A500FE0042D02D211F4C04FC5D1DF
:105DC000FEF752F8A0EB0A011098814202D3401C62
:105DD00001D01EE0E8B156EA05009BD1109B0022DD
:105DE00008212046CDF800A002F028FB28B1D4F805
:105DF000840040F02000C4F88400204602F084FAB9
:105E000084F88190D4F8841084F8808081B10120D6
:105E1000C2E6204602F078FAD4F8842084F8808024
:105E200042F48072C4F8842084F881900320B3E6A1
:105E30000020B1E60030014000380040003C004046
:105E40002DE9F041044690F881001E46012849D111
:105E5000002946D0002AFCD0002EFAD094F8800009
:105E600001283FD0012784F880700025052084F8A0
:105E70008100C4F88450E165A4F86060A4F8626011
:105E80006266A4F86860A4F86A60256765672068A0
:105E9000C16821F4C021C1602068816821F44041BB
:105EA0008160E268B8030F2A07D9E16F89698142EE
:105EB00015D1A16F8969814211D1072A4FF400538E
:105EC00013D9D4F87CC0DCF81810994201D0814273
:105ED00005D1A16F896999422CD081422AD084F8DA
:105EE00080507DE00220BDE8F081A16F8A699A426E
:105EF00005D1B4F86220521C5208A4F862208969C6
:105F0000814205D1B4F86210C91C8908A4F8621056
:105F1000E16F8A699A4205D1B4F86A20521C52088E
:105F2000A4F86A208969814218D1B4F86A00C01CBB
:105F3000800811E00F2A11D8814205D1B4F862100F
:105F4000491C4908A4F86210DCF81810814205D1F8
:105F5000B4F86A00401C4008A4F86A00E06F3649B3
:105F6000DFF8D0800164E16F3448C863E16FC1F8A5
:105F70004C80E06F0565B4F86A302168626EE06FAE
:105F80003031FCF7F7FC50B1D4F8840084F880502D
:105F900040F01000C4F8840084F8817020E020688C
:105FA000816841F480418160A06F0564A06FC56382
:105FB000A06F0565A16FC1F84C80B4F8623022680B
:105FC000E16DA06F2032FCF7D5FC58B154F87C0F7E
:105FD000FBF7CAFBA068257140F01000A060677154
:105FE000012080E7A06FC069B0F5807F206841681C
:105FF0006FF30F0100D0314341602068816841F4A4
:10600000004181602068016941F458710161206894
:10601000016841F0010101606068B0F5800F04D1B2
:106020002068016841F400710160002084F880500C
:1060300059E70000DD8300080F840008178400087A
:106040007047704770B5214A016891423CD1FFF713
:1060500087FA1F4C00252078012804D002280FD091
:1060600003281AD025E0E078800722D5FAF77EFDD4
:106070002570E07820F0020040F00400E07018E0A5
:106080006079800715D5FAF781FD2570607920F0D9
:10609000020040F0040060710BE02079800708D511
:1060A000FAF764FD2570207920F0020040F004002A
:1060B000207103F0DDFE6079400705D54FF0B04058
:1060C000816841F00101816070BD0000003800402E
:1060D0003801002470470000024A136883430B43D1
:1060E0001360704704040058401EB0F1807F10B563
:1060F00001D3012010BD4FF0E02460610F21601733
:1061000006F093FF0020A0610721216110BD7047B8
:106110007047704770470000F0B590F83C20012AA6
:1061200041D0224E012480F83C40022280F83D20DC
:1061300002681F4D5368B242D2F808C001D0AA428B
:1061400003D14F6823F470033B430F6823F07003BF
:106150001F4357600268B24219D0B2F1804F16D087
:10616000144B9A4213D0144B9A4210D0134B9A42BC
:106170000DD0AA420BD0124B9A4208D0114B9A4232
:1061800005D0114B9A4202D0104B9A4204D1896833
:106190002CF0800319439160002180F83D4080F885
:1061A0003C100846F0BD0220F0BD00000000014098
:1061B000000401400004004000080040000C0040C2
:1061C000001800400040014000E0004000E40040B2
:1061D00010B5040003D094F83D0010B10EE001208A
:1061E00010BD002084F83C00204602F0E5FBE06C86
:1061F00008B91348E064014620468847022084F825
:106200003D002068211D02F0A5F9012084F8480016
:1062100084F83E0084F83F0084F8400084F8410090
:1062200084F8420084F8430084F8440084F8450070
:1062300084F8460084F8470084F83D00002010BD33
:106240004562000808B501681648814212D1164817
:10625000016841F00101016000680022114600F070
:10626000010000901920FDF787FEBDE808401920C5
:10627000FDF775BE0D48B1F1804F0BD00C4A91422D
:1062800007D1016841F002010160006800F00200DE
:10629000009008BD016841F001010160006800F054
:1062A0000100F5E700000140F0440258E8440258BC
:1062B0000004004090F83D10012901D001207047F2
:1062C0001A4A022180F83D100168CB6843F00103AF
:1062D000CB60006890421AD0B0F1804F17D01449BB
:1062E000884214D01349884211D0134988420ED0F5
:1062F000124988420BD01249884208D0114988427D
:1063000005D01149884202D01049884207D18168DE
:106310000F4A1140062906D0B1F5803F03D001682D
:1063200041F00101016000207047000000000140C1
:106330000004004000080040000C00400004014040
:10634000001800400040014000E0004000E4004030
:106350000700010070B5044690F83C0000250128B4
:1063600014D03A4B012684F83C60022084F83D00AA
:1063700022689068184020F47F4090600868702878
:106380002FD010DC10F00F0F03D022E04FF00200EE
:1063900070BD4FEA2012072A1BD2DFE802F05353E8
:1063A00053534B394100B0F1101F4BD009DCB0F50D
:1063B000805F0FD0B0F5005F1ED0B0F5801F08D110
:1063C00040E0A0F5801120393CD010293AD0202996
:1063D00038D0012584F83D60002084F83C00284630
:1063E00070BD4A682068D1E9021302F030F92068D4
:1063F000816841F0770109E04A682068D1E9021319
:1064000002F025F92068816841F480418160E1E76C
:10641000CA684968206802F017FB2068502106E02E
:10642000CA684968206802F03DFB2068602102F0DC
:1064300017F9CFE7CA684968206802F005FB2068B1
:106440004021F4E7226801461046F0E788FFCEFFBE
:106450007047704770472DE9F041044600680027F7
:10646000C6680569A90715D5B10713D5FA1E0261DB
:106470000121217720688069800702D0D4F8941028
:1064800005E0D4F89C1020468847D4F8A010204698
:1064900088472777680718D5700716D52268022025
:1064A0006FF00401116120772068806910F4407F4B
:1064B00002D0D4F8941005E0D4F89C102046884708
:1064C000D4F8A010204688472777280717D530072B
:1064D00015D5226804206FF008011161207720682B
:1064E000C069800702D0D4F8941005E0D4F89C105D
:1064F00020468847D4F8A010204688472777E8062A
:1065000018D5F00616D5226808206FF01001116129
:1065100020772068C06910F4407F02D0D4F894102E
:1065200005E0D4F89C1020468847D4F8A0102046F7
:1065300088472777E80709D0F00707D021686FF070
:10654000010008612046D4F884108847280601D449
:10655000A80409D5300607D521686FF402500861F8
:106560002046D4F8B4108847E80509D5300607D589
:1065700021686FF4807008612046D4F8B81088470D
:10658000680609D5700607D521686FF040000861DC
:106590002046D4F88C108847A8060BD5B00609D53C
:1065A00021686FF0200008612046D4F8AC10BDE8E7
:1065B000F0410847BDE8F08110B586B004461421CB
:1065C0006846FAF755F82068B0F1804F15D10C48AD
:1065D000016841F00101016000680123042100F01D
:1065E000010005900020009102226946CDE90120BA
:1065F000CDE903030348FDF71FFB06B010BD000003
:10660000E044025800000258704770B5044690F804
:106610003C0000260D4601280BD0012084F83C00E8
:106620000C2A4AD007DC82B1042A20D0082A06D1DD
:1066300031E0022070BD102A53D0142A63D0012605
:10664000002084F83C00304670BD206802F012F84B
:106650002068816941F0080181612068816921F029
:106660000401816120682A698169114311E0206871
:1066700002F056F82068816941F400618161206868
:10668000816921F48061816120682969826942EA17
:1066900001218161D4E7206802F090F82068C16987
:1066A00041F00801C1612068C16921F00401C161A4
:1066B00020682A69C169114311E0206802F0CCF812
:1066C0002068C16941F40061C1612068C16921F499
:1066D0008061C16120682969C26942EA0121C16102
:1066E000AEE7206802F0F4F82068416D41F008013F
:1066F00041652068416D21F00401416520682A69E7
:10670000416D114311E0206802F01CF92068416DD1
:1067100041F4006141652068416D21F4806141656B
:1067200020682969426D42EA0121416588E700003D
:1067300010B5040003D094F83D0010B10EE0012024
:1067400010BD002084F83C00204602F035F9606E50
:1067500008B913486066014620468847022084F83D
:106760003D002068211D01F0F5FE012084F848005D
:1067700084F83E0084F83F0084F8400084F841002B
:1067800084F8420084F8430084F8440084F845000B
:1067900084F8460084F8470084F83D00002010BDCE
:1067A000A5670008704770477047000030B5044681
:1067B0004FF0020269B1042912D0082917D00C2920
:1067C0001CD0102921D094F84300012824D00120A6
:1067D00030BD94F83E000128F9D184F83E201DE038
:1067E00094F83F000128F2D184F83F2016E094F895
:1067F00040000128EBD184F840200FE094F84100DC
:106800000128E4D184F8412008E094F842000128EE
:10681000DDD184F8422001E084F843200122206881
:1068200001F008FF1E4920681E4A1F4B884209D00C
:10683000904207D0984205D01C4DA84202D01C4D72
:10684000A84203D1456C45F4004545642068884260
:1068500018D0B0F1804F15D01649884212D0164991
:1068600088420FD0154988420CD090420AD0144972
:10687000884207D0984205D01249884202D0124976
:10688000884207D18168114A1140062906D0B1F526
:10689000803F03D0016841F001010160002030BD5C
:1068A000000001400004014000400140004401405C
:1068B000004801400004004000080040000C004077
:1068C0000018004000E0004000E400400700010024
:1068D000704770474FF0000310B53AB190F83D4053
:1068E000012C05D090F83D407CB366E0012010BD3E
:1068F0001C2962D2DFE801F04446484A4C4E50520F
:106900005456585A5C5E0E1114171A1D2023262A5D
:106910002D303336C0F8842050E0C0F888204DE098
:10692000C0F88C204AE0C0F8902047E0C0F89420DE
:1069300044E0C0F8982041E0C0F89C203EE0C0F858
:10694000A0203BE0C0F8A42038E00EE0C0F8A8206A
:1069500034E0C0F8AC2031E0C0F8B0202EE0C0F840
:10696000B4202BE0C0F8B82028E00E2925D2DFE8BB
:1069700001F007090B0D0F11131517191B1D1F210E
:10698000C2641BE0026519E0426517E0826515E00C
:10699000C26513E0026611E042660FE082660DE018
:1069A000C2660BE0026709E0426707E0826705E024
:1069B000C26703E0C0F8802000E00123184610BD44
:1069C0007047704730B590F88410012918D0012223
:1069D00080F884202421C0F8881000222024016837
:1069E0000B680D6823F0005325F001050D60426629
:1069F00001680B60C0F8884080F88420104630BDE4
:106A0000022030BD10B5044690F8840001281BD048
:106A10002420012184F88410C206C4F8880020686C
:106A20000168036841F0005123F0010303606266CE
:106A300020680160204602F061F82021C4F8881027
:106A4000002084F8840010BD022010BD10B504465B
:106A5000D0F88C00202801D0022010BD61B15AB1BD
:106A60000123E36600202067204602F0CFFC0028C7
:106A7000F3D1E16E012901D0012010BD226810215F
:106A80001162226852E8001F41F0100142E8001331
:106A9000002BF6D110BD7047704770B5044690F8D2
:106AA000840001281DD0012284F884202420C4F809
:106AB000880020680568026822F0010202602068F0
:106AC000826822F060620A438260204602F016F873
:106AD0002268202100201560C4F8881084F8840002
:106AE00070BD022070BD70B5044690F88400012886
:106AF0001DD0012284F884202420C4F88800206856
:106B00000568026822F0010202602068826822F0B3
:106B100060420A438260204601F0F0FF2268202193
:106B200000201560C4F8881084F8840070BD02202D
:106B300070BD7047704770477047704710B503F0DD
:106B40002DF80446074850F82400002808D005F026
:106B500047FF04482C3050F82410491C40F82410FA
:106B600010BD00001C1000242DE9F041076800252D
:106B7000044640F60F030226F8693968BA681842DD
:106B80000AD183067ED501F0200302F0805C53EA2F
:106B90000C0377D0616F7EE1D24BDFF84CC313401A
:106BA00001EA0C0C53EA0C0C6CD05FEAC07C0CD0F0
:106BB0005FEAC15C09D54FF0010CC7F820C0D4F8DA
:106BC000907047F00107C4F89070870709D5D70780
:106BD00007D027683E62D4F8906046F00406C4F8F7
:106BE000906046070AD5D60708D0276804263E627B
:106BF000D4F8906046F00206C4F8906006070CD501
:106C000001F020061E4308D0266808233362D4F81A
:106C1000903043F00803C4F8903003050BD54B01C6
:106C200009D526684FF400633362D4F8903043F0FE
:106C30002003C4F89030D4F89030002B41D0800667
:106C400009D501F0200002F08051084303D0616FA4
:106C500009B1204688472168D4F890008968490620
:106C600002D410F0280F26D0204602F061F92068E7
:106C7000806840061CD52068083050E8001F21F0CD
:106C8000400100E01FE040E80012002AF3D1D4F8F0
:106C9000800068B195490165D4F88000FAF714FFC7
:106CA00000280ED0D4F88000016D0AE1204608E1EA
:106CB000D4F8A410FAE7D4F8A41020468847C4F802
:106CC0009050BDE8F081D4F86CC02023BCF1010FD6
:106CD0007ED15FEAC06C7BD55FEAC16C78D51020AD
:106CE000386220688068400673D5D4F880208049D7
:106CF0001068884234D07E491831884230D07C49AF
:106D0000303188422CD07A494831884228D078499D
:106D10006031884224D076497831884220D0744945
:106D2000903188421CD07249A831884218D07149EC
:106D3000884215D06F491831884211D06D493031E1
:106D400088420DD06B494831884209D06949603189
:106D5000884205D067497831884201D06549903131
:106D600040684FF480770004000C42D0B4F85C1007
:106D700081423ED9A4F85E00D069B8422FD0206885
:106D800050E8001F21F4807140E80012002AF6D17B
:106D90002068083050E8001F21F0010140E800128F
:106DA000002AF5D12068083050E8001F21F040018A
:106DB00040E80012002AF5D1C4F88C30E56620685E
:106DC00050E8001F21F0100140E80012002A01E005
:106DD0004EE017E0F3D1D4F88000FAF7C5FC26673F
:106DE000B4F85C00B4F85E10D4F8C020401A81B248
:106DF0003AE0B4F85C1081427FF463AFD069B842E6
:106E00002FD05EE7B4F85C00B4F85E10B4F85E20F2
:106E1000401A81B2002AF4D00029F2D0226852E848
:106E2000000F20F4907042E80007002FF6D1324F97
:106E3000206800F1080050E8002F02EA070240E84D
:106E4000002CBCF1000FF3D1C4F88C30E566656707
:106E5000226852E8000F20F0100042E80003002BE7
:106E6000F6D12667D4F8C0202046BDE8F04110478F
:106E7000C60207D5560205D54FF480103862D4F803
:106E8000B41013E7060609D501F0800602F40002EB
:106E9000164303D0A16F0029F3D112E7420613D5A0
:106EA0004A0611D52046016851E8002F22F0400221
:106EB00041E80024002CF6D1C0F888308567D0F86E
:106EC0009810BDE8F0410847020204D54A0002D5F7
:106ED000D4F8BC10EAE6C00193D5002991DAD4F8C1
:106EE000B810E3E60100001020010004B38C000894
:106EF0001000024010040240FEFFFFEF10B5040036
:106F000003D0D4F8880010B110E0012010BD00209B
:106F100084F88400204602F04DF8D4F8C40010B97B
:106F20001548C4F8C4000146204688472420C4F808
:106F300088002068016821F001010160A06A10B199
:106F4000204601F0FDFD204602F072F80128DDD058
:106F50002068416821F4904141602068816821F0F7
:106F60002A0181602068016841F00101016020462A
:106F7000BDE8104001F048BE5970000810B52D4A18
:106F8000044601682C48914211D1016821F4801116
:106F900001602A489114FCF771FD29480421FCF78F
:106FA0006DFDD4F88000FAF79DFE35203CE0254BBE
:106FB000254A994211D1016821F0804101604FF4C6
:106FC000C0711046FCF75AFDD4F88000FAF78AFE2B
:106FD000E06FFAF787FE522026E017481B4B083077
:106FE00099420ED1016821F01001016018484FF458
:106FF000C061FCF743FDD4F88000FAF773FE25204A
:1070000012E0144B994213D1016821F08001016014
:107010000C211046FCF732FDD4F88000FAF762FE2E
:10702000E06FFAF75FFE9C20BDE81040FCF786BFDA
:1070300010BD000000500040E8440258000802580B
:10704000000C025800780040001002580010014067
:1070500000000258001C01402DE9F04FB5B0044675
:1070600014212EA8F9F704FBB8216846F9F700FBB4
:10707000D34A0227D14D002120684FF00409DFF8E0
:107080003CA3083D161590425AD1002088460222A2
:107090001D91CDE900206846FDF720F908B1FAF707
:1070A000D4F9DAF8001041F48011CAF80010DAF8C7
:1070B000000000F480103390286840F0040028603D
:1070C000286800F004003390286840F00800286029
:1070D00028680825BA46474669022E9100F0080044
:1070E000CDE92FA82EA9CDF8C480CDE93250B548FE
:1070F000FCF7A2FDCDF8B8902EA9CDE92FA7B24894
:10710000CDE93175FCF798FDB04D4121B04885E8D7
:107110008300C5E903766F612846AF61EF612F6296
:107120006F62FBF749FA08B1FAF78FF90022C4F849
:10713000805035201146AC63FCF71EFF35206FE010
:10714000A44A4FF0070B904270D1002288460223D8
:1071500068461D91CDE90032FDF7C0F808B1FAF795
:1071600074F9DAF8001041F08041CAF80010DAF83A
:10717000000000F080403390286840F01000286044
:1071800028684FF4C0712E912EA900F010004546DA
:10719000CDE92F78CDF8C480CDE932B08E48FCF728
:1071A0004BFD8A4F4F218A487837603087E82300AB
:1071B000C7E903567D613846BD61FD613D627D6270
:1071C000FBF7FAF908B1FAF740F9DFF8008240213D
:1071D000C4F88070502308F1F008BC6308F1080976
:1071E0007B4A4046783289E86200C8F81450C8F8F3
:1071F0001850C8F81C50C8F82050C8E90023C8F837
:107200002450FBF7D9F908B1FAF71FF90022C4F8A6
:107210007C8052201146C8F83840FCF7ADFE522061
:10722000FCF79DFE35B0BDE8F08FFFE76B4ADFF855
:10723000B0A1904248D100201E9101228846CDE99C
:1072400000206846FDF74AF808B1FAF7FEF8DAF8C8
:10725000001041F01001CAF80010DAF8000000F048
:1072600010003390286840F00100286028684FF42F
:10727000C0612E912EA900F001004546CDE92F787E
:10728000CDF8C480CDE932B05648FCF7D5FC564F56
:1072900029214F48183087E82300C7E903567D614C
:1072A0003846BD61FD613D627D62FBF785F908B13D
:1072B000FAF7CBF80022C4F8807025201146BC6391
:1072C000FCF75AFE2520ABE7484A9042AAD100209D
:1072D0001E9101228846CDE900206846FCF7FEFF9A
:1072E00008B1FAF7B2F8DAF8001041F08001CAF8F4
:1072F0000010DAF8000000F080003390286840F0B9
:107300001000286028684546CDF8B8902EA900F0F6
:1073100010003390CDE92F78DFF8BC80CDE93159EA
:107320004046FCF789FC0B2108202E90CDE92F75F3
:10733000CDE931512EA94046FCF77EFCDFF8A8804C
:107340007622234908F178083031404688E8260043
:10735000C0E90356C8F81450C8F81850C8F81C50B3
:10736000C8F82050C8F82450FBF726F908B1FAF7FE
:107370006CF81D4F4021C4F880807723F037C8F89F
:10738000384007F10800124A483280E862007D6107
:107390003846BD61FD613D627D62C7E90023FBF7B0
:1073A0000BF908B1FAF751F80022E7679C20114663
:1073B000BC63FCF7E1FD9C2032E70000E844025882
:1073C0000050004000080258000C0258A00C002495
:1073D00040000240007800400010025800100140B8
:1073E000F044025800000258080E0024001C01401E
:1073F0004FF0000310B53AB1D0F88840202C0BD0E4
:10740000D0F888408CB338E0D0F8901041F04001BB
:10741000C0F89010012010BD0D292ED2DFE801F038
:10742000070A0D101316191C1F2226363900C0F842
:10743000942029E0C0F8982026E0C0F89C2023E0A2
:10744000C0F8A02020E0C0F8A4201DE0C0F8A820CB
:107450001AE0C0F8AC2017E0C0F8B02014E0C0F883
:10746000B42011E0C0F8B8200EE002E0C0F8BC2063
:107470000AE00B290AD00C290BD0D0F89010012378
:1074800041F04001C0F89010184610BDC0F8C4206B
:10749000FAE7C0F8C820F7E74FF0000261B1D0F872
:1074A0008C30202B10D0D0F89010012241F04001F8
:1074B000C0F8901010467047D0F8901041F040018D
:1074C000C0F8901001207047C0F8C010F2E7704774
:1074D0007047000070B50446D0F88800202801D01D
:1074E000022070BD39B332B3E06F0023216521253E
:1074F000A4F85420A4F85620C4F89030C4F888505A
:10750000D8B11549C163E16F14480864E16F1448AC
:10751000C864E06F036513462068E56F00F1280238
:10752000216D2846FBF726FA38B11021C4F89010D7
:107530002020C4F88800012070BD21684020086226
:107540002068083050E8001F41F0800140E8001238
:10755000002AF5D1002070BDE98E0008278F0008B1
:10756000BB8C000870477047FEE700000300104620
:1075700010B50BD0064C491E08D313F8012B42401E
:10758000D2B234F8122082EA1020F4E710BD0000D5
:10759000E4E400080300104610B507D0044C491E6F
:1075A00004D313F8012B4240A05CF8E710BD0000A3
:1075B000E4E3000830B5164B054610880C4668B960
:1075C000A3F10C0090ED000A83ED000A90ED010A92
:1075D00083ED010A90ED020A83ED020A0D490C4881
:1075E00006F018FDD3ED000AB7EE000AC4ED000A5C
:1075F000D3ED010AC4ED010AD3ED020AC4ED020A7B
:1076000085ED000A85ED010A85ED020A30BD000016
:10761000B821002484200024084891ED000A00F1DC
:107620000C0280ED000AD1ED010AC0ED010A91EDD6
:10763000021A80ED021A82EC030A7047AC21002482
:107640002DE9F84F4E1FDFF8F8910024074600E0BF
:10765000641C385DA528FBD1EBE03D19FF222846CC
:107660000421FFF797FF2979884272D1D9F80C10CD
:107670004FF6FF72491CC9F80C10B5F80180B5F837
:1076800005B004EB08000090384408F10701B0F899
:1076900007A02846FFF76AFF50455AD1D9F81020B5
:1076A0000123BBF5027F594602F10102C9F81020FF
:1076B00089F800307CD022DC40F201229142A1F214
:1076C000012056D013DC40F201129142A1F20110C8
:1076D00040D007DC01292AD002292CD0BBF1030FAE
:1076E0002FD131E003283AD004282AD13CE00728E2
:1076F00027D2DFE800F02643484D2653580040F2D9
:107700000E229142A1F20E2071D008DCABF20921C9
:10771000052916D2DFE801F051565B606500F638A6
:1077200006280ED2DFE800F0686C0D7176764548C9
:10773000E91D424603E04248E91D4246401CF8F775
:10774000EBFE009C09346BE03E48E91D42460B30DD
:10775000F5E764E03A48E91D42461430EFE738485F
:10776000E91D4246401DEAE73548E91D424608301A
:10777000E5E73448E91D42462B30E0E73048E91D93
:1077800042463C30DBE72F48E91D42463830D6E719
:107790002B48E91D42462E30D1E709E02848E91D73
:1077A0004246801CCBE72648E91D42463530C6E7F5
:1077B0002348E91D42461C30C1E72148E91D4246E5
:1077C0001830BCE71E48E91D42462230B7E71D4885
:1077D000E91D42464430B2E71948E91D4246C01C43
:1077E000ADE71748E91D42462830A8E7FFE71448EF
:1077F000E91D4246001DA2E71348E91D42469EE7E7
:107800001048E91D42466C3099E70E48E91D424692
:10781000843094E70C48E91D424622388FE7641D06
:10782000B44206DA02E0641CB44202DA385DA528EC
:10783000F9D1B442FFF611AFBDE8F84F06F052BCE3
:107840003C0200248822002497230024254808B500
:10785000016841F00101016000680022114600F05A
:10786000010000900B20FCF787FB0B20FCF777FB57
:1078700000220C201146FCF77FFB0C20FCF76FFB6D
:1078800000220D201146FCF777FB0D20FCF767FB6B
:1078900000220E201146FCF76FFB0E20FCF75FFB69
:1078A00000220F201146FCF767FB0F20FCF757FB67
:1078B000002210201146FCF75FFB1020FCF74FFB65
:1078C000002211201146FCF757FB1120FCF747FB63
:1078D00000222F201146FCF74FFBBDE808402F2067
:1078E000FCF73DBBD8440258194800212DE9F0416E
:1078F000164D012481603B2705601426C1600823D2
:107900000474042241740225847444611F24C0E974
:107910000667C0E90A34C0E90C318163C0E90F127F
:10792000C0E91121C0E91321C0E91521C0E91712EE
:10793000C0E91912C0E90865FBF70AFD002803D069
:10794000BDE8F041F9F781BDBDE8F08100A000403D
:10795000D40200241B4800212DE9F041184C0125D8
:107960008160142604603B24C1600822057404234E
:1079700041740227857445611F25C0E9066440F201
:107980005534C0E90A250263C0E90D413C3080E866
:107990000E00C0E90313C0E90513C161C0E9081274
:1079A000C0E90A1340E907673C38FBF7D1FC00281F
:1079B00003D0BDE8F041F9F748BDBDE8F081000013
:1079C00000A40040C00300241B4800212DE9F04121
:1079D000184C012681604FF0140C04600825C1602A
:1079E0003B24067406234174042286740227C0E9EE
:1079F000056C1F26C46140F2D674C0E90A560563BF
:107A0000C0E90D41C0E90F13C0E91121C0E91321FC
:107A1000C0E91521C0E91713C0E91912C0E908C768
:107A2000FBF796FC002803D0BDE8F041F9F70DBD47
:107A3000BDE8F08100D40040AC040024F0B587B06C
:107A400014216846F8F714FE3A48016841F0100125
:107A50000160016801F010010591016841F0040125
:107A60000160016801F004010591016841F08001A5
:107A70000160016801F080010591016841F0010198
:107A80000160016801F001010591016841F0020106
:107A90000160016801F002010591016841F00801EF
:107AA000016000680122244F48F2090100F008003B
:107AB00005903846FCF7D2F9012469460025E00319
:107AC0008DE8310038460395FCF7B6F8032102260D
:107AD0000920CDE90261CDE9000469463846FCF78A
:107AE000ABF84FF48817154869460296CDE9004770
:107AF000FCF7A2F84FF4A0506946CDE90007104802
:107B00000295FCF799F80021E006FEF7E5FA00225D
:107B100006201146FCF730FA0620FCF720FA002276
:107B200028201146FCF728FA2820FCF718FA07B09D
:107B3000F0BD0000E044025800080258000402585A
:107B4000001002582DE9F04117484FF48007DFF884
:107B500054C00021FA000726C0F800C01301C0E994
:107B60000362C0E90171C0E9073141625510540058
:107B700081625201C162C0E90D21C16301644164A7
:107B80008164C164016541658165C0E90554FDF703
:107B900031FE002803D0BDE8F041F9F756BCBDE83E
:107BA000F0810000003800409805002410B588B02E
:107BB000184800241649EF2240F2E733009401945C
:107BC0000294039404940594069480E81600C0E996
:107BD000033444618461FEF7FBFA08B1F9F735FC20
:107BE0004FF4805000900B486946FEF7B3FB08B194
:107BF000F9F72BFC074804A9049405940694FEF7B2
:107C00008BFA002801D0F9F720FC08B010BD000065
:107C1000000001403C07002430B58FB000241C2137
:107C2000009407A801940294039404940594069484
:107C3000F8F71EFD1E4844F61F62EF2380214FF027
:107C40008045C0E9024204618161C0E90053FEF74A
:107C5000BFFA08B1F9F7F9FB4FF4805000901448CF
:107C60006946FEF777FB08B1F9F7EFFB1048FEF71E
:107C70005FFD08B1F9F7E9FB0D4804A904940694E7
:107C8000FEF74AFA08B1F9F7E0FB6020CDE90704F6
:107C90000748082207A909940B94FEF7B6FC08B11F
:107CA000F9F7D3FB0248FEF787FC0FB030BD0000A8
:107CB000F807002410B588B0174800241549EF22B2
:107CC00040F2E733009401940294039404940594E1
:107CD000069480E81600C0E903348461FEF778FA60
:107CE00008B1F9F7B2FB4FF4805000900A4869469A
:107CF000FEF730FB08B1F9F7A8FB074804A9049484
:107D00000694FEF709FA002801D0F9F79EFB08B0A7
:107D100010BD000000040040B408002470B51848ED
:107D20000021164C0C2300F10C0C164D22158CE88A
:107D30000E008161A614C16101624162816280E826
:107D40007000FFF7DBF808B1F9F77FFB0C48002162
:107D5000FEF7C9FE08B1F9F778FB09480021FEF7E4
:107D60009CFE08B1F9F771FB0548FEF72BFE0028D1
:107D700003D0BDE87040F9F768BB70BD005000400B
:107D800070090024A08601001848002110B5164C87
:107D90000C224FF4E1330460C0E90131C160C0E955
:107DA00004128161C161016241628162FFF7A6F83C
:107DB00008B1F9F74AFB0D480021FEF794FE08B11F
:107DC000F9F743FB09480021FEF767FE08B1F9F710
:107DD0003CFB0648FEF7F6FD002803D0BDE8104046
:107DE000F9F733BB10BD0000007800403C0A0024C6
:107DF0001848002110B5164C0C224FF4E1330460F2
:107E0000C0E90131C160C0E904128161C161016250
:107E100041628162FFF772F808B1F9F716FB0D486D
:107E20000021FEF760FE08B1F9F70FFB09480021B9
:107E3000FEF733FE08B1F9F708FB0648FEF7E2FD4E
:107E4000002803D0BDE81040F9F7FFBA10BD0000CC
:107E5000001C0140D40B00241848002170B5164DB9
:107E60000C23174C0560C0E9014100F10C042A15F0
:107E700084E80E008161C161016241628162FFF7A5
:107E80003DF808B1F9F7E1FA0C480021FEF72BFEA6
:107E900008B1F9F7DAFA09480021FEF7FEFD08B14A
:107EA000F9F7D3FA0548FEF78DFD002803D0BDE8A9
:107EB0007040F9F7CABA70BD00100140080B0024E9
:107EC000A0860100B0EE405AF5EEC01AB0EE414A6D
:107ED000F0EE604AB7EE000AF1EE10FAC0EE035A77
:107EE00000B5B6EE006A02462DED028B09D1B5EE63
:107EF000C02AF1EE10FA04D1F5EEC02AF1EE10FA24
:107F000076D021EEA10A02EE020A02EEA20A06F0E3
:107F1000A7F8D2ED006AD2ED010A92ED037AF0EEF5
:107F2000463A92ED028A56EEA63A20EE871A26EEDF
:107F3000A03A5E4861EE800A62EE007A62EE802A24
:107F400090ED030A06EEC81A08EE073A47EE073A24
:107F5000B5EEC00AF1EE10FA27EEA32A22EE810A4E
:107F600060EE831A02EEC32A00EEE30A47EEC11A5E
:107F70002ADD90ED031AD0ED040A21EE021A41EE3B
:107F8000250AC0ED040AD0ED030A20EE801AD0EDD8
:107F9000050A41EE250AC0ED050AD0ED030A20EEE0
:107FA000A11AD0ED060A41EE250AC0ED060AD0ED71
:107FB000042A90ED051AD0ED060A35EE225A74EE29
:107FC000814A34EE204A07E0DFED390AC0ED040AA9
:107FD000C0ED050AC0ED060AD0ED022A90ED021AA6
:107FE000D0ED020A02EE825A41EE004A00EEA14AAA
:107FF00065EE862A92ED010A92ED001AD2ED020A90
:1080000062EE851A22EEA42A62EE842A92ED033AE9
:1080100020EE615A61EE213A21EE024A61EE224AD7
:1080200000EEC25A40EEA23A00EE624A40EE024A28
:1080300003EE625A43EE423A03EE214A40EEE14A31
:1080400035EE012A33EE801A74EE201A74EE830A9C
:1080500022EE020A82ED002A82ED011AC2ED021A16
:1080600001EE010AC2ED030A01EEA10A00EEA00A28
:1080700005F0F6FF92ED001A92ED012AD2ED021AF8
:10808000D2ED030A21EE001A22EE002A61EE801AD8
:1080900020EE800A82ED001A82ED012AC2ED021A5A
:1080A00082ED030ABDEC028B00BD00003801002404
:1080B00000000000FEE7FEE7704700002DE9F047F2
:1080C000454D044689464FF0000A2868C0438007A2
:1080D0000AD0414E283E306820F080603060FBF7C7
:1080E000C3FE0746B04608E00120BDE8F08700BFA8
:1080F000FBF7BAFEC01B022867D8D8F800000001C1
:10810000F6D4206829684FF4FE0721F47C313E0242
:1081100041EA00302860207AA389B4F804C0400204
:108120002D4D2D495B1E227CACF1010C1035091D33
:10813000A0F5007080B2521ECCF3080C07EA03438E
:1081400040EA0C00184306EA0262104328600868FF
:10815000626920F0C000104308600A68A06922F03C
:10816000200202430A60281D0A6822F010020A60F9
:1081700002684FF6F873E4699A4342EAC402026067
:108180000868B9F1000F40F010020A6011D00868C9
:10819000B9F1010F11D040F400100860D8F80000C8
:1081A000444640F08060C8F80000FBF75DFE0546DD
:1081B0000DE0086840F40020EFE740F48010ECE7A1
:1081C000FBF752FE401B022801D903208DE72068EF
:1081D0000001F5D5504688E7284402582DE9F047BC
:1081E000454D044689464FF0000A2868C043800781
:1081F0000AD0414E283E306820F080503060FBF7B6
:1082000033FE0746B04608E00120BDE8F08700BF16
:10821000FBF72AFEC01B022867D8D8F800008000B0
:10822000F6D4208829684FF4FE0721F07C713E02C5
:1082300041EA00502860207AA389B4F804C04002C3
:108240002D4D2D495B1E227CACF1010C1835091D0A
:10825000A0F5007080B2521ECCF3080C07EA03436D
:1082600040EA0C00184306EA0262104328600868DE
:10827000626920F44060104308600A68A06922F433
:10828000007202430A60281D0A6822F480720A60A4
:1082900002684FF6F873E4699A4342EAC402026046
:1082A0000868B9F1000F40F480720A6011D00868C4
:1082B000B9F1010F11D040F080700860D8F80000CB
:1082C000444640F08050C8F80000FBF7CDFD05465D
:1082D0000DE0086840F48000EFE740F40000ECE7B0
:1082E000FBF7C2FD401B022801D903208DE720685F
:1082F0008000F5D5504688E7284402580148FDF72C
:1083000069B900009805002410B5026840F26F3387
:108310005169946944F0080494610268946944F0D6
:10832000100494610268146824F001041460026867
:1083300014699C4314610268936823F4404393607A
:1083400090F88120042A0CD08A060AD5D0F884201F
:1083500042F08002C0F884200268936943F0200351
:10836000936190F88120032A0CD04A060AD5D0F8F0
:10837000842042F00402C0F884200268936943F02C
:10838000400393618A050AD5D0F8842042F00102A7
:10839000C0F884200268936943F400739361C905AF
:1083A0000AD5D0F8841041F00801C0F884100168A3
:1083B0008A6942F480728A610021A0F86210A0F8F4
:1083C0006A1010BD806B00210122A0F86A10A0F88D
:1083D000621080F88120D0F8A010084710B5846B97
:1083E000F9F774FD022811D02046FFF78DFFD4F86D
:1083F0008410012041F01001C4F8841084F8810039
:108400002046D4F8A010BDE81040084710BD806B8E
:10841000D0F89C100847806B90F88110072909D08C
:10842000816FC969B1F5807F05D00068016941F0AD
:10843000080101617047D0F8901008472DE9F0411C
:108440001C4616460D460746DDF818800AE000BFB8
:10845000FBF70AFDA0EB0800A04202D3601C01D08C
:108460000BE054B13868406935EA000007D00020BD
:10847000B042EDD00020BDE8F0810320FBE70120F1
:10848000F6E77047FBF7F6BC2748F0B5274A0168C6
:1084900041F470010160106800F00F00072804D259
:1084A000106820F00F00C01D106021490020204CF2
:1084B00010340B681F4D43F001030B6020600B6804
:1084C0002B400B60136803F00F03072B04D91368CC
:1084D00023F00F03DB1D1360154C174A1834174B9C
:1084E000261D371D2060124C154D28343060261D86
:1084F0003860371D23603B1D35601C1D3A60251D0B
:108500002E1D1860331D22602860326018600A68D2
:1085100043F2D204064B0B4D22F4802260330A60F2
:1085200018602C60F0BD000088ED00E000200052D3
:10853000004402587FEDF6EA8002010100020202C7
:108540000000FF01004000520148FDF784BF000019
:108550003C0700242DE9F0472C4B4FF0804A2C4D6E
:10856000026898422B4E2C4F2C4C09D0504507D016
:10857000A84205D0B04203D0B84201D0A04205D1F4
:10858000D1F804C022F070024CEA0202DFF890C079
:10859000DFF890809842DFF8909015D0504513D0C6
:1085A000A84211D0B0420FD0B8420DD0A0420BD09B
:1085B000604509D0404507D0484505D01B4DA8422D
:1085C00002D01B4DA84203D1CD6822F440722A4349
:1085D0008E684D6922F08002C6620E682A43984276
:1085E000866207D0A04205D0604503D0404501D047
:1085F000484501D1096901630368012143F004037F
:10860000036041610260BDE8F087000000000140A6
:108610000004004000080040000C0040000401403D
:1086200000400140004401400048014000E000409B
:1086300000E4004010B5046A012301F01F018B40E3
:108640009C4304628A40016A1143016210BD42EA00
:10865000032283680A4323F47F410A438260704700
:10866000034B82681A400A4342F007018160704759
:108670008FFFCFFF2DE9F04FDFF88C80234EDFF81E
:108680009090DFF890B0026A036AB042DFF888A0E9
:1086900022F0020C214F23F0010202624368856937
:1086A0008A680C6805EA080525F0030542EA0C0211
:1086B00044EA050407D0484505D0584503D0504545
:1086C00001D0B84208D1D0F820C022F008052CF023
:1086D00004020262CA682A43B04207D0484505D066
:1086E000584503D0504501D0B84205D123F4407617
:1086F000D1E9055335432B434360846149684163A5
:108700000262BDE8F08F00008FFFFEFF0000014015
:108710000004014000400140004401400048014085
:10872000F0B5DFF880E0204C204D026A036AA042D9
:1087300022F0200623F01003036242688369D1F817
:1087400008C00F6803EA0E0323F4407E46EA0C13C8
:108750004EEA072601D0A84208D1076A23F0800319
:1087600027F040070762CF6843EA0713A0420AD008
:10877000A84208D00E4CA04205D00E4CA04202D018
:108780000D4CA04207D1D1E9054522F4406242EAEE
:10879000840242EA8502426086614968816303621D
:1087A000F0BD0000FF8FFFFE00000140000401400B
:1087B000004001400044014000480140F0B5DFF8AE
:1087C00080E0204D204E026A036AA84222F400771E
:1087D00023F4807303624368C269D1F808C002EAD7
:1087E0000E020C6822F0030E47EA0C2244EA0E0443
:1087F00001D0B04208D1076A22F4006227F48067F2
:108800000762CF6842EA0722A8420AD0B04208D0E5
:108810000E4DA84205D00E4DA84202D00D4DA842E3
:1088200007D1D1E9055623F4405343EA051343EA3F
:1088300006134360C4614968C1630262F0BD000071
:108840008FFFFEFF00000140000401400040014096
:108850000044014000480140F0B5046A026A22F475
:10886000805202624268C36924F40054DFF848C0B1
:108870008E680D6803EA0C03104F23F4407344EA3A
:108880000634B84243EA05230BD00D4DA84208D068
:108890000C4DA84205D00C4DA84202D00B4DA84269
:1088A00004D14D6922F4804242EA85124260C361DC
:1088B000496801640462F0BDFF8FFFFE00000140C3
:1088C00000040140004001400044014000480140D4
:1088D000F0B5164F164B026A046A984222F400352E
:1088E00024F4803303624268436D0E890C6803EA06
:1088F000070344EA030445EA06430BD00D4DA842A2
:1089000008D00D4DA84205D00C4DA84202D00C4D08
:10891000A84204D14D6922F4803242EA0522426025
:108920004465496881650362F0BD00008FFFFEFF6A
:1089300000000140000401400040014000440140AB
:1089400000480140F0B5164F164B026A046A98427F
:1089500024F48013036222F400144268436D0E89EC
:108960000D6803EA070344EA065443EA05230BD0E3
:108970000D4DA84208D00D4DA84205D00C4DA8427F
:1089800002D00C4DA84204D14D6922F4802242EA63
:108990008522426043654968C1650462F0BD0000FC
:1089A000FF8FFFFE00000140000401400040014035
:1089B00000440140004801401549C0F884101549A1
:1089C000C0F888101449C0F88C101449C0F89010F1
:1089D0001349C0F894101349C0F898101249C0F810
:1089E0009C101249C0F8A0101149C0F8A4101149F8
:1089F000C0F8A8101049C0F8AC101049C0F8B01069
:108A00000F49C0F8B4100F49C0F8B8107047000003
:108A1000D1680008D3680008C1690008C36900086C
:108A2000536400085564000809660008A767000839
:108A3000A967000851640008136100081561000867
:108A4000116100080F61000830B5114C036A056A16
:108A5000A04225F0010404620BD00E4CA04208D0C5
:108A60000D4CA04205D00D4CA04202D00C4CA042AF
:108A700003D1046A24F004040462846923F00A0325
:108A80000B4324F0F00444EA02118161036230BD1B
:108A9000000001400004014000400140004401404A
:108AA0000048014030B50D4C036A056AA04225F02C
:108AB0001004046202D00A4CA04203D1046A24F0DC
:108AC00040040462846923F0A00343EA011124F402
:108AD000704444EA02328261016230BD000001400C
:108AE000000401400148FEF73FB80000700900246F
:108AF0000148FEF739B800003C0A002430B5416E49
:108B0000B9B101680D4B03F108048A688968C2F3A2
:108B10004262490F5D5C615C2D01B5FBF1F1A0F88B
:108B20006A10995CA25C0901B1FBF2F1A0F868102F
:108B300030BD0121A0F86A10F8E70000C4E3000886
:108B400090F82810090706D50168836B4A6822F45B
:108B500000421A434A6090F82810C90706D00168FD
:108B6000C36A4A6822F400321A434A6090F8281017
:108B7000890706D50168036B4A6822F480321A43DC
:108B80004A6090F82810490706D50168436B4A6887
:108B900022F480221A434A6090F82810C90606D5AC
:108BA0000168C36B8A6822F480521A438A6090F885
:108BB0002810890606D50168036C8A6822F40052E1
:108BC0001A438A6090F82810490611D50168436C51
:108BD0004A6822F480121A434A60416CB1F5801F42
:108BE00006D10168836C4A6822F4C0021A434A60C5
:108BF00090F82810090606D50168C26C486820F470
:108C000000201043486070472DE9F84300250446D2
:108C1000C0F89050FBF728F98046206820266FF0B6
:108C20007E470068000713D50022434631042046E2
:108C3000009700F03FFC58B1216851E8000F20F088
:108C4000800041E80002002AF6D1C4F8886021E0E3
:108C500020680068400722D5002243464FF4800177
:108C60002046009700F026FCC8B1206850E8001F9D
:108C700021F4907140E80012002AF6D120680830F3
:108C800050E8001F21F0010140E80012002AF5D150
:108C9000C4F88C60032084F88450BDE8F883C4F8DD
:108CA0008860C4F88C60E5662567002084F88450ED
:108CB000F3E7806BD0F8A410084770B5846B216887
:108CC000D4F88800D4F88C508968090604D5212886
:108CD00002D1204600F056F920688068400604D58D
:108CE000222D02D1204600F023F9D4F8900040F064
:108CF0001000C4F89000D4F8A4102046BDE87040DD
:108D00000847000030B4C36900220146806BB3F508
:108D1000807F2DD0A0F85E20046854E8003F23F443
:108D2000807344E80035002DF6D10368083353E81A
:108D3000004F24F0010443E80045002DF5D10368FD
:108D4000083353E8004F24F0400443E80045002D69
:108D5000F5D12023C0F88C30C36E012B08D10468F4
:108D600054E8003F23F0100344E80035002DF6D10D
:108D70000267C36E012B03D0D0F8A01030BC0847A7
:108D8000274BA0F85E200968994238D0244A18324F
:108D9000914234D0224A3032914230D0204A483277
:108DA00091422CD01E4A6032914228D01C4A78321F
:108DB000914224D01A4A9032914220D0184AA832C7
:108DC00091421CD0174A914219D0164A183291424A
:108DD00015D0144A3032914211D0124A4832914291
:108DE0000DD0104A6032914209D00E4A7832914239
:108DF00005D00C4A9032914201D00A4AA832496803
:108E0000B0F85C2089B28A4201D9A0F85E10B0F8AF
:108E10005E10511AD0F8C02030BC89B21047000053
:108E2000100002401004024030B40146806B012261
:108E30000267C26E012A03D0D0F89C1030BC0847EC
:108E4000B0F85C20264B5408A0F85E4009689942AF
:108E500038D0234B1833994234D0214B30339942C8
:108E600030D01F4B483399422CD01D4B6033994270
:108E700028D01B4B7833994224D0194B9033994218
:108E800020D0174BA83399421CD0164B994219D0C9
:108E9000144B1833994215D0124B3033994211D0EC
:108EA000104B483399420DD00E4B6033994209D094
:108EB0000C4B7833994205D00A4B9033994201D03C
:108EC000084BA833496889B28A4201D3A0F85E10E2
:108ED000B0F85E10511AD0F8C02030BC89B21047EB
:108EE0001000024010040240C169806BB1F5807F20
:108EF00016D00021A0F856100168083151E8002F63
:108F000022F0800241E80023002BF5D1026852E8EC
:108F1000001F41F0400142E80013002BF6D17047DA
:108F2000D0F898100847806BD0F8941008470000DC
:108F300010B5026852E8001F21F4907142E8001356
:108F4000002BF6D10E4B0268083252E8001F194080
:108F500042E80014002CF6D1C16E012908D1026844
:108F600052E8001F21F0100142E80013002BF6D157
:108F700000212022C0F88C20C166416710BD00008E
:108F8000FEFFFFEF026852E8001F21F0C00142E837
:108F90000013002BF6D10168083151E8002F22F4AC
:108FA000000241E80023002BF5D12021C0F88810F1
:108FB000704700001249C0F894101249C0F8981088
:108FC0001149C0F89C101149C0F8A0101049C0F810
:108FD000A4101049C0F8A8100F49C0F8AC100F49F0
:108FE000C0F8B0100E49C0F8B4100E49C0F8B8105F
:108FF0000D49C0F8BC100D49C0F8C0107047000002
:109000006775000865750008D1740008CF74000802
:109010003D6B0008376B00083B6B0008396B00089C
:10902000356B0008996A0008336B0008976A0008DE
:109030002DE9F04304468068E24E87B0E24B216898
:10904000D4E90427D4F81CC010430A68002547EA75
:109050000C073843324002430A602068E2684168E6
:1090600021F44051114341602268A1699A4201D024
:10907000206A01439668DFF854C3D54FD54806EA05
:109080000C060E4396602168666ACA6A22F00F02D7
:109090003243CA622268BA420ED1006800F038003A
:1090A00018286FD07ADCB8B308286CD010286BD1A0
:1090B0008BE0282868D18EE0C7498A4209D1006830
:1090C00000F0070006285FD2DFE800F0507D7F81C6
:1090D0008385C2498A4209D1006800F0070006284A
:1090E0007BD2DFE800F0437072747678BC498A4224
:1090F00009D1006800F0070006286ED2DFE800F012
:1091000036636567696BB7498A420BD1006800F026
:109110000700062861D200E043E0DFE800F02754B2
:1091200056585A5CB0498A4206D1006800F03800AF
:1091300018284CD0B7DD31E0AC498A4209D100682B
:1091400000F00700062848D2DFE800F0103D3F415C
:109150004345A7498A420BD1006800F00700062862
:109160003BD2DFE800F0033032343638002035E0FF
:10917000A0498A4209D1006800F03800182826D09A
:1091800091DD0BE023E01EE027E09B498A420AD1F3
:10919000006800F03800182819D084DD202888D114
:1091A0001CE001201AE09A4217D18A48001D00688D
:1091B00000F00700062810D2DFE800F003050709D9
:1091C0000B0D02200AE0042008E0082006E0102031
:1091D00004E0202002E0402000E080208749DFF802
:1091E00020829A42874A4FF400434FEA21174FF0FA
:1091F00000064ED110281AD006DC022809D0042817
:109200000BD008287ED10DE020283ED0402879D10F
:109210003DE0FAF70DFF014610E06846FAF71AFF45
:1092200001990BE003A8FAF7B7FF049906E010686C
:10923000800605D51068C0F3C100C140002970D078
:10924000606A676838F8102007EB4703B1FBF2F05B
:10925000834257D8B0EB073F54D80023084619463D
:10926000F7F7CCF802467808130E120243EA012100
:1092700010183A4671410023F7F7C0F8624AA0F58A
:10928000407191423ED821688FE03946D8E71946AF
:10929000D6E7D4F81CC04FF6EF799C4546D1082894
:1092A00019D005DC58B101280CD0042875D10DE087
:1092B000102815D0202835D040286ED134E0FBF797
:1092C000FBFD01E0FBF70AFE014610E06846FAF7F5
:1092D000C1FE01990BE003A8FAF75EFF049906E0CE
:1092E0001068800604D51068C0F3C100C140C1B148
:1092F000636A606838F81330B1FBF3F1490001EBA1
:10930000500100E049E0B1FBF0F0A0F11001494547
:1093100043D84FF6F0732168C0F34202184010435F
:1093200043E043E03946E3E71946E1E7082819D06E
:1093300005DC58B101280CD004282ED10DE01028EE
:1093400015D020282BD0402827D12AE0FBF7B4FDE8
:1093500001E0FBF7C3FD014610E06846FAF77AFE2C
:1093600001990BE003A8FAF717FF049906E01068CB
:10937000800604D51068C0F3C100C140B1B1636A72
:10938000606838F81330B1FBF3F101EB5001B1FB29
:10939000F0F0A0F11001494505D9012506E0394654
:1093A000EDE71946EBE7216880B2C8600120A4F818
:1093B0006A00A4F8680028466667A66707B0BDE89B
:1093C000F0830000F369FFCF000C0058FFF4FF1199
:1093D000001001405444025800440040004800403E
:1093E000004C004000500040001401400078004054
:1093F000007C004000180140001C01400090D00398
:10940000ACE3000800440258FFFC0F0070B50446AE
:10941000D0F8800000232225A165A4F85C20C4F8C0
:109420009030C4F88C50F0B11F49C163D4F880105B
:109430001E480864D4F880101D48C864D4F8800021
:1094400003651346A56D2168D4F880002A462431AF
:10945000F9F790FA38B11021C4F890102020C4F820
:109460008C00012070BD206940B1216851E8000FD7
:1094700040F4807041E80002002AF6D120680830EC
:1094800050E8001F41F0010140E80012002AF5D128
:109490002068083050E8001F41F0400140E8001209
:1094A000002AF5D1002070BD058D0008298E000826
:1094B000BB8C00082DE9F047994617460D46044637
:1094C000089E4FF0000833E0701C31D0FAF7CCFC56
:1094D000A0EB0900B04218D8BEB120680168490766
:1094E00026D5802D24D0402D22D0C169C94309073B
:1094F0000DD4082505622046FFF71AFDC4F89050E8
:10950000012084F88480BDE8F0870320FBE7C06970
:10951000C04300050CD421684FF400600862204667
:10952000FFF706FD2021C4F8901084F88480ECE752
:109530002068C06935EA000004D00020B842C3D0DA
:109540000020E0E70120F9E70148FDF70DBB00002E
:10955000D40B00240148FDF707BB0000080B0024D2
:10956000FEE7000070B5152904460D4663D1002CB6
:1095700061D02078A9285ED1607853285BD120463D
:1095800004F0EFFD012856D12B482A462146F6F774
:10959000C3FF2948284D2038B0F8311027480180F2
:1095A0006888C0F30A0004F091FB244C243484ED55
:1095B000020AB5F80300C0F3CA0004F087FB84ED8B
:1095C000030AD5F80300C0F38A3004F07FFB84ED72
:1095D000000AE888C0F34A0004F078FB84ED010A31
:1095E000287A012300F00100E074E879C209A2742E
:1095F000C0F380116174C0F301102074287C00F066
:1096000003016177C0F30112E277C0F38100A07714
:109610006889A4F81700A889A4F81900E889A4F8B3
:109620001B00687AC0F30010A0752889C0F34A00B7
:10963000A08284F8203070BDAC0F002418000024F4
:1096400070B500240E468AB005460EE0285D0F284E
:1096500009D12819017E31B9694604F0A9FB0649F0
:10966000684604F0CDFA641CE4B204F11900B0427B
:10967000ECD90AB070BD00008C0F00240B460146E7
:1096800092001846F6F748BF0448B0EE081A30EECC
:10969000410AD0ED060A20EEC00A7047B802002445
:1096A00010B5DFED180A184924222DED048B92B075
:1096B00030EE608A6846F6F774FF2422694609A8EE
:1096C000F6F76FFF9DED090AF0EE0E0A30EE609A94
:1096D000B0EE480A03F073FC0C4CD4ED040A60EEC3
:1096E000208A38EE490A03F06AFCD4ED020A40EE03
:1096F000608AC4ED058A12B0B0EE680ABDEC048B36
:1097000010BD000085EB913FC42A0024B80200245C
:1097100000B5F0EE0E0A124924222DED028B93B013
:1097200030EE608A6846F6F73CFF2422694609A8B5
:10973000F6F737FF9DED090ADFED0A0A30EE600A01
:1097400038EE400A03F03BFC0748D0ED020A20EE59
:10975000200A80ED030A13B0BDEC028B00BD0000AF
:109760006429002485EB913FB802002410B52DED4B
:10977000028B9FED0C8AF0EE480A03F0E9FE10EE32
:10978000100A0949884204DB30EE480ABDEC028B1E
:1097900010BD10EE100A05498842F7D930EE080ACC
:1097A000F4E70000DA0FC940DA0F4940DA0F49C088
:1097B0000179D0F8050041EA002000EE100A704758
:1097C00000681C49884201D101207047B0F1804FE8
:1097D00004D01949884203D1032070470220704702
:1097E0001649884201D1042070471549884201D1A9
:1097F000052070471349884201D10620704712495D
:10980000884201D1072070471049884201D10820C1
:1098100070470F49884201D10C2070470D4988429A
:1098200001D10D2070470C49884201D10E207047AC
:109830000020704700000140000400400008004084
:10984000000C0040001000400014004000040140E3
:1098500000180040001C00400020004010B5544992
:10986000A1F170002DED068B02F05CFF504998319C
:10987000A1F5847002F056FF4E49A1F5D07002F0B8
:1098800051FF4C499831A1F50E7002F04BFF4A4A46
:109890004A4902F5847002F015FF9FED499AF1EEF6
:1098A000083AB1EE043AB0EE494ADFED469AF0EEDE
:1098B000692A9FED458AF1EE041AB0EE482ADFEDE1
:1098C000438AB0EE681A9FED42AA3948B5EE000A05
:1098D0005430F0EE4A0A03F045FB3648B0EE494AF0
:1098E0004438F1EE083AB1EE043AF0EE692AB0EEEF
:1098F000482AF1EE041AB0EE681AF0EE4A0AB5EE04
:10990000000A03F02FFB2B48B0EE494A5430F1EE29
:10991000083AB1EE043AF0EE692AB0EE482AF1EEC8
:10992000041AB0EE681AF0EE4A0AB5EE000A03F027
:1099300019FB2048B0EE494AEC30F1EE083AB1EE9E
:10994000043AF0EE692AB0EE482AF1EE041AB0EEBD
:10995000681AF0EE4A0AB5EE000A03F003FB1D4850
:10996000B0EE494AF1EE083AB0EE083AF0EE692A54
:10997000B0EE482AF0EE481AB0EE681AF0EE680A27
:10998000B1EE040A03F0EEFA134890ED060A13480C
:1099900000F1180180ED040A114803F0D4F9BDEC80
:1099A000068B0E49BDE810400D482C3103F0CBB9B1
:1099B000B41D0024E41E00243C1C0024D402002416
:1099C0009A99993E0000FA4300007A440AD7233C52
:1099D00000000000202000249C200024F800002427
:1099E000D01A0024B42800D9B4204FF4FA61B4226C
:1099F00048430449B0FBF2F0096800F5FA7080B200
:109A0000C8637047F80700242DE9F843DFF8809019
:109A10000020DFF8808005460646009005EB8501B2
:109A200001EBC50707EB08042079D4F8051000F016
:109A30007F0206EB0900FFF721FE2079012269462B
:109A400000F07F0006EB800086B206EB0900FFF70E
:109A500015FE9DF80010361D08F807109DF801004E
:109A6000B6B260709DF80200A0709DF80300E0702F
:109A7000552806D0D4F8090018B1207940F08000AC
:109A800020716D1CEDB2042DC8D3BDE8F883000031
:109A9000000004086C2100240A00014600F10C00BB
:109AA00000B502D0012A03D010E0FDF7B5FD0DE0AE
:109AB000074AFDF77FFD064844F62061801FC288F3
:109AC0008A4203D90021C180012000BD002000BDD1
:109AD0003E01002410B549B1002404702823C3704E
:109AE000034943F23902A0F801204160012010BD72
:109AF0000000B0412DE9F04FDFF898905FF00003CF
:109B0000DFF894A009F12408AAF1180B03EB430C29
:109B100092ED050A09EB8C0492ED062A94ED003AC9
:109B2000D4ED012AD2ED070A20EE030A94ED021AC1
:109B30000AEB830500EB830602EE220AD5ED001A3C
:109B400008EB8C040BEB830701EB830C5D1C00EE30
:109B5000810AEBB2032B30EE210A86ED000A94ED68
:109B6000003A92ED010A92ED022AD4ED012A20EE8C
:109B7000030AD2ED030A94ED021AD7ED001A02EEA1
:109B8000220A00EE810A30EE210A8CED000ABDD3D4
:109B9000BDE8F08FCC010024B821002400681A49E8
:109BA000884201D1012070471849884201D1022022
:109BB00070471749884201D10320704715498842F0
:109BC00001D1062070471449884201D10A2070470C
:109BD0001249884201D1042070471149884201D1BD
:109BE000052070470F49884201D1072070470E4970
:109BF000884201D1082070470C49884201D10920D0
:109C000070470020704700000010014000440040F1
:109C10000048004000140140001C0140004C00407E
:109C20000050004000780040007C004000180140D7
:109C300010B5FFF713FE00F02BFB264A26492748F4
:109C400002F0A2FE26490122264803F09DF8264A8A
:109C50002649274802F098FE2649274802F090FA44
:109C600024492548103102F08BFA2249224820313C
:109C700002F086FA1F492048303102F081FA1D496E
:109C80001D48403102F07CFA1A491B48503102F05D
:109C900077FA18491848603102F072FA1548174AE5
:109CA0001749103802F0ECFC1248164A16490838D9
:109CB00002F0E6FC15480821FCF778FD0D481C3839
:109CC0000088FFF78FFEBDE810400B48012102F02D
:109CD00083BA000041760008D40B0024E01300246E
:109CE000700900247410002409B400083C0A002400
:109CF0008416002488000024281C0024A5A700083E
:109D00003C0700245D9F0008B4080024F8070024E5
:109D100070B52D4803F040F80446FAF7A5F8A26D97
:109D20004FF4FA63984205D2BDE8704027480121FC
:109D300001F02FBF264D6968491C6960994213DA0A
:109D4000244802F0AEFD244802F0ABFD234802F0A7
:109D5000A8FD204802F04DFD1F4802F04AFDBDE875
:109D600070401E4802F045BD801A642807D2207E4C
:109D7000012804D0022804D0032810D01DE00121BE
:109D800018E0A07E012804D0032804D0022804D0C3
:109D900013E000210EE003210CE002210AE0A07E86
:109DA0000128F8D0032802D0022802D005E00521BE
:109DB00000E006210A4802F00FFA2888FFF712FE99
:109DC000074802F0F7F9BBE7741000241C2C0024AC
:109DD0006C000024441D00248C2700241C27002430
:109DE000281C00242DE9F041DFF8788000252C465E
:109DF000A8F18C0605EB850000EBC50202EB080715
:109E000030193A79D7F805105206D20DF6F784FBCF
:109E100039796D1C3868EDB201F07F01042D04EB37
:109E2000810406EB040104F104040860E2D314F099
:109E30001F00254606D0C0F1200165183019FF2209
:109E4000F6F7ECFB0848094C2844410C204603F087
:109E500055FFAA082046BDE8F04102498C3903F0BD
:109E60006FBF00006C210024FFFF01000000040808
:109E70001F4810B50178002938D14179CA070ED0A2
:109E80000222027021F0010141F002014171F6F756
:109E900085FE174A08234C32A2F1080121E0C1785F
:109EA000CA070DD00122027021F0010141F0020128
:109EB000C170F6F763FE0E4909230E4A883110E09F
:109EC0000179CA0712D00322027021F0010141F08A
:109ED00002010171F6F752FE054A04234032A2F155
:109EE0001C010548BDE81040FBF7AABF10BD0000EB
:109EF00038010024282200249805002401EE100ACD
:109F000070EEC00A0120B8EE411A8840401E20EED3
:109F1000811A00EE900AF8EE601AC1EE210A30EEC6
:109F2000800A704700680849884201D101207047C3
:109F30000649884201D1022070470549884201D173
:109F4000032070470020704700A0004000A400409C
:109F500000D4004030EE200AFFF708BCF6F74EBFF1
:109F6000974870B541794A0730D521F00401417115
:109F700000F14C01D0ED080A8A784B78120212B237
:109F80001A4300EE102A8F4AB8EEC00A20EE200ACB
:109F900082ED050A0B79CC78D0ED080A1B021BB2C2
:109FA000234300EE103AB8EEC00A20EE200A82EDFC
:109FB000060A8B794C79190209B2214300EE101A76
:109FC000B8EEC00A20EE200A82ED070AC1787D4B68
:109FD0004A07A3F594743FD503F1640221F004010C
:109FE000C170D0ED070AD1789578090209B22943EA
:109FF00000EE101A1D1DB8EEC00A20EE200A83EDF7
:10A00000010A51791679D0ED070A090209B23143E4
:10A0100000EE101AB8EEC00A20EE200A83ED020A04
:10A02000D1799679090209B2314300EE101AB8EEDF
:10A03000C00A20EE200A85ED020A916821F07F41D6
:10A0400000EE101ADFED600AB8EE400A20EE200A9A
:10A0500084ED0A0A83ED080A01794A0730D521F018
:10A0600004025749027140318878C978C00040EA3B
:10A070005110B0F5806F01DBA0F5006000EE100A12
:10A08000B4EE001AF3EE070AB8EEC00A40EE010A79
:10A09000C4ED090AC3ED040A9FED4C0A4948243077
:10A0A00002F0A2FEFCEEC00AB5EEC00A10EE900A65
:10A0B000F1EE10FA80B200D2002045490968086428
:10A0C000404AA2F59A71A1F10C00FFF713FD414837
:10A0D000A0F10C0200F10C01DFED3F0AD0ED001AF7
:10A0E0009FED3E1AC2ED001A91ED002A00F1240501
:10A0F0000B4680ED002A62EE202A9FED390A41EEE0
:10A10000812AD5ED001A41EE802AC1ED002AD0ED5A
:10A11000011AC2ED011A91ED012A80ED012A62EEC9
:10A12000202A41EE812AD5ED011A41EE802AC1EDA7
:10A13000012AD0ED021AC2ED021A91ED022A243250
:10A1400080ED022A62EE200A1D48DC3041EE810AD1
:10A1500095ED021A41EE000AC1ED020A0121F6F75F
:10A16000F5FCA5F10C009FED1F0AD0ED000A00F1EF
:10A1700038031A1F60EE800A111FC4ED020AD0EDE9
:10A18000010A60EE800AC4ED010AD0ED020A0C4813
:10A1900020EE800ADC3084ED000A95ED000A84EDA3
:10A1A000050A95ED010A84ED040A95ED020A84ED95
:10A1B000030A01F02DFA012084F82C0070BD000084
:10A1C00038010024C421002400401C420000204229
:10A1D000B40800246C2000245AF8F63F5D896EBF55
:10A1E000D5A9183BE12E654270B59CB04C2168465C
:10A1F000F6F73EFA202113A8F6F73AFA0220F9F70B
:10A20000EDFE1E48016821F4404101600168002410
:10A2100001F440411B9101688904FCD502200A9099
:10A2200028230990C20301210D910625CDE90012D2
:10A23000CDE90B030C261294CDE90E50CDE9106444
:10A240006846FAF7F9FE08B172B6FEE740201A90A8
:10A2500008230501CDE9163013ABCDE918053F21E0
:10A26000032283E8160013A81146FAF7D5FC00284C
:10A2700001D072B6FEE71CB070BD0000184802584D
:10A2800010B500F0B9FABDE8104000F0DFB90000E9
:10A2900010B5A14AA14902F5BC702DED068B02F064
:10A2A00011FA9F4A9F4902F5047002F00BFA9E4989
:10A2B000A1F1E00002F036FA9C49A1F5107002F01D
:10A2C00031FA9B49A1F5687002F02CFA9949A1F581
:10A2D000926002F027FA9849A1F5B36002F022FAE1
:10A2E0009649A1F5D46002F01DFA9FED959AF1EE22
:10A2F000043AB0EE494A9FED938AB0EE483ADFED5A
:10A30000928AF0EE682ADFED919A914C8748B0EE80
:10A31000692A8C38F2EE041A94ED001AF0EE480A1D
:10A32000B1EE040A02F01EFE8148B0EE494A8C38B4
:10A33000F1EE043AB0EE483AF0EE682AB0EE692A3F
:10A34000F2EE041A94ED001AF0EE480AB2EE040A96
:10A3500002F008FEB0EE494AF1EE043A9FED7D3A74
:10A360007448F0EE682A8C38B0EE692AF2EE041ACE
:10A3700094ED001AF0EE480AB1EE0C0A02F0F2FD7C
:10A380006C48B0EE494A7C30F1EE043AB0EE483AFF
:10A39000F0EE682AB0EE692AF2EE041A94ED001A83
:10A3A000F0EE480AB7EE000A02F0DCFD6248B0EEBB
:10A3B000494A7C30F1EE043AB0EE483AF0EE682AB1
:10A3C000B0EE692AF2EE041A94ED001AF0EE480A93
:10A3D000B7EE000A02F0C6FD5848B0EE494A7C309C
:10A3E000F1EE043AB0EE483AF0EE682AB0EE692A8F
:10A3F000F2EE041A94ED001AF0EE480AB5EE000AE7
:10A4000002F0B0FDB0EE494A9FED53AA4748B0EEC6
:10A41000483A4838F0EE4A3AF0EE682AB0EE692A37
:10A42000F0EE681A94ED011AF0EE480AB2EE040A52
:10A4300002F098FD3E48B0EE494A4838F0EE4A3AFC
:10A44000B0EE483AF0EE682AB0EE692AF0EE681AEB
:10A4500094ED011AF0EE480AB2EE040A02F082FD11
:10A460003448B0EE494A4838F0EE4A3A9FED3B3A5C
:10A47000F0EE682AB0EE692AF0EE681A94ED011A3F
:10A48000F0EE480AB2EE020A02F06CFD2A48B0EE85
:10A49000494A4838F0EE4A3AB0EE483AF0EE682AB7
:10A4A000B0EE692AF0EE681A94ED011AF0EE480A4F
:10A4B000B2EE040A02F056FD2048B0EE494A483890
:10A4C000F0EE4A3AB0EE483AF0EE682AB0EE692A69
:10A4D000F0EE681A94ED011AF0EE480AB3EE0E0A97
:10A4E00002F040FD94ED011AB0EE494AF0EE4A3A0E
:10A4F000B0EE483AF0EE682AB0EE692AF0EE681A3B
:10A50000F0EE480ABDEC068BB2EE040A0B48BDE83B
:10A510001040C03002F026BD14260024AC040024F4
:10A520000C250024C0030024FC2700245C290024FF
:10A53000BC2A00241C2C0024242D00242C2E0024B2
:10A540009A99993E000000000000FA4300007A4406
:10A55000B80200246F12833ACDCC4C3E0AD7233C7C
:10A5600070B540F0800014460D46F6F731FC06E069
:10A570005520F6F72DFC641E05F8010BE4B2002C03
:10A58000F6D170BD10B50C46FFF708FB054951F830
:10A590002000002804D02146BDE8104002F022BB74
:10A5A00010BD00001C10002410B5FFF7F7FA054994
:10A5B00051F82000002803D0BDE8104002F096BA00
:10A5C00010BD00001C10002470B50C46054600F0BC
:10A5D000A1F821462846BDE8704000F001B800000F
:10A5E00010B514482DED028B9FED118AB0EE480A8C
:10A5F00001F0AAFB1048B0EE480A01F0A5FB0F4895
:10A60000B0EE480A01F0A0FB0D48B0EE480A01F098
:10A6100049F90C48B0EE480A01F044F9B0EE480A96
:10A62000BDEC028B0848BDE8104001F03BB90000CA
:10A6300000000000FC2700245C290024BC2A002420
:10A640001C2C0024242D00242C2E00241648B0EEAF
:10A650000C2A1649D0ED000A9FED150A9FED151A38
:10A6600070EE820ADFED141AC1ED000AD0ED010A86
:10A6700070EE800AC1ED010AD0ED020A30EE800AC8
:10A6800081ED020A90ED030A30EE010A81ED030A22
:10A6900090ED040A30EE210A81ED040A90ED050ADE
:10A6A00081ED050A70470000C81300242819002412
:10A6B0009A99993E713D0A403333434010B50C4698
:10A6C000F6F786FB2046BDE81040F6F781BB000098
:10A6D00010B500F091F80C4C0C4894ED000A02F013
:10A6E00005FB0A4894ED010A983002F0FFFA084889
:10A6F00094ED020A02F0FAFA054894ED030ABDE867
:10A700001040983002F0F2BAF8000024B41D002482
:10A71000E41E002410B510482DED028B9FED0D8A2C
:10A72000B0EE480A01F0CEFD0B48B0EE480A983072
:10A7300001F0C8FD0948B0EE480A01F0C3FDB0EED3
:10A74000480ABDEC028B0548BDE81040983001F086
:10A75000B9BD000000000000B41D0024E41E002468
:10A7600070B50C460546FFF7B3FF21462846FFF7B4
:10A7700037FF084802F010FB4069074A074990423A
:10A7800001DD282003E0064A904201DA6E200880AD
:10A7900070BD0000741000240080BB446C000024D5
:10A7A0000000FA43FFF7B4BA10B5104C94F8A42295
:10A7B00004F52974012A0AD0022A0FD0032A14D1E1
:10A7C000FEF73EFF2046BDE8104000F0D3BCF6F790
:10A7D000DFFD2046BDE8104000F09EBBFEF7C2FE44
:10A7E0002046BDE8104000F099BC10BD7410002454
:10A7F00030EE200A00F046B8184810B502F0CCFA46
:10A8000090ED010A9FED161A164A174920EE010A2B
:10A8100082ED000AD0ED020AF1EE401A60EE810AE4
:10A82000C2ED010A71EEE01A30EEC02A70EE602A25
:10A8300070EE200A90ED030A20EE010A82ED020A72
:10A8400070EE800A31EE801A72EE001A32EE802A23
:10A85000C1ED030A81EC031A10BD0000741000243E
:10A860000000FA4314200024F800002410B5FEF77D
:10A87000A7FF034951F82000BDE8104001F01CBFBC
:10A88000E00F002410B52DED028B9FED0C8AF0EE49
:10A89000480A02F05DFE10EE100A0949884204DB06
:10A8A00030EE480ABDEC028B10BD10EE100A0549CF
:10A8B0008842F7D930EE080AF4E700000000B443FC
:10A8C00000003443000034C370B515460E460446FC
:10A8D000F6F754F944F08000F6F77AFA2A46314642
:10A8E0002046FFF73DFEBDE87040F6F73FB9000097
:10A8F0002DE9F041964C9FED972A94ED000AB0EEB9
:10A90000421A9FED953AF0EE430A00F063FE4FF0D5
:10A910000106DFED922A924B4FF07E559149DFED13
:10A92000921A924A18B394ED010AB0EE421AF0EE70
:10A93000020A00F04FFED0B194ED020AB0EE421AC6
:10A94000F1EE040A00F046FE88B194ED030AB0EE81
:10A95000421AF7EE000A00F03DFE40B194ED040A01
:10A96000B0EE421AF0EE620A00F034FE08B99868C0
:10A9700048B194ED000AB0EE421AF0EE430A00F03E
:10A9800029FEB8B375E094ED010A794F10EE100A74
:10A99000B84204DAA068B0F1814F00DA9E60D4EDCD
:10A9A000000A10EE900A884202DA70EEA10A05E071
:10A9B00010EE900A884203DD70EEE10AC4ED000A51
:10A9C00010EE101A6B48814202DA30EE210A05E0DF
:10A9D00010EE101A814203DD30EE610A84ED010AA7
:10A9E00094ED020A644810EE101A814203DA30EE48
:10A9F000210A06E02CE010EE101A814203DD30EE51
:10AA0000610A84ED020A94ED030A10EE100AA842CE
:10AA100002DA30EE210A05E010EE100AA84203DD4A
:10AA200030EE610A84ED030A94ED040A10EE100A78
:10AA3000904204D9DFED510A30EE200A05E010EE15
:10AA4000100A904260D230EE610A84ED040A5BE0A5
:10AA500094ED000A10EE100A884202DA30EE210A64
:10AA600005E010EE100A884203DD30EE610A84ED45
:10AA7000000A94ED010A424910EE100A884203DBF5
:10AA800030EE610A84ED010A94ED020A3D4910EEB0
:10AA9000100A884203DB30EE610A84ED020A94ED6D
:10AAA000030AB0EE421AF7EE000A00F093FD80B9F7
:10AAB00094ED030A10EE100AA84202DA30EE210AE1
:10AAC00005E010EE100AA84203DD30EE610A84EDC5
:10AAD000030A94ED040AB0EE421AF0EE620A00F0A6
:10AAE00079FD80B994ED040A10EE100A904202D963
:10AAF00030EE210A05E010EE100A904203D230EE4B
:10AB0000610A84ED040A9E60B0EE000A84ED050A35
:10AB10001D4894ED000A01F082FD1C4894ED010AE5
:10AB200001F07DFD1A4894ED020A01F078FD194804
:10AB300094ED030A01F046FD174894ED040A01F074
:10AB400041FD94ED050ABDE8F041144801F03ABD1D
:10AB5000281900240AD7233C66663640B81E85BFF4
:10AB60006C000024666636406F12033BB81E85BF3A
:10AB70006666A63F000010400000A0406F12833AB6
:10AB80003333933F33337340FC2700245C29002484
:10AB9000BC2A00241C2C0024242D00242C2E00244C
:10ABA00010B5414C41499FED420AD4ED000A10EE28
:10ABB000900A884202DA70EE800A05E010EE900AF0
:10ABC000884203DD70EEC00AC4ED000AD4ED010A2C
:10ABD000384910EE900A884202DA70EE800A05E0E9
:10ABE00010EE900A884203DD70EEC00AC4ED010A3F
:10ABF000D4ED020A304910EE900A884202DA70EE73
:10AC0000800A05E010EE900A884203DD70EEC00A6B
:10AC1000C4ED020AD4ED030A4FF07E5110EE900A03
:10AC2000884202DA70EE800A05E010EE900A88424F
:10AC300003DD70EEC00AC4ED030AD4ED040A1F4818
:10AC400010EE901A814202D930EE800A05E010EE33
:10AC5000901A814203D230EEC00A84ED040AB0EEAD
:10AC6000000A84ED050A164894ED000A01F0D7FCAD
:10AC7000144894ED010A01F0D2FC134894ED020A45
:10AC800001F0CDFC114894ED030A01F09BFC104843
:10AC900094ED040A01F096FC94ED050ABDE810401D
:10ACA0000C4801F08FBC000028190024666636406D
:10ACB0006F12033B000010400000A040B81E85BF8B
:10ACC000FC2700245C290024BC2A00241C2C00241E
:10ACD000242D00242C2E002470B50D460446F5F7D3
:10ACE0005DFF44F08000F6F773F85520F6F770F832
:10ACF0002870BDE87040F5F749BF0000002810B586
:10AD00000AD0FFF70FF9054951F82000002803D0B9
:10AD1000BDE8104001F023BD10BD0000C40F0024A9
:10AD2000002810B50AD0FFF7FDF8054951F82000BA
:10AD3000002803D0BDE8104001F05BBD10BD00004D
:10AD4000C40F00242A49002010B592B088606846DC
:10AD5000284901F033FC2422694609A8F5F721FCB3
:10AD6000254C68469DED090A244984ED000A01F04E
:10AD700025FC2422694609A8F5F713FC9DED090A74
:10AD80001F49684684ED010A01F018FC2422694637
:10AD900009A8F5F706FC9DED090A1A49684684EDF5
:10ADA000020A01F00BFC2422694609A8F5F7F9FB19
:10ADB0009DED090A1449684684ED030A01F0FEFB83
:10ADC0002422694609A8F5F7ECFB9DED090A0F4915
:10ADD000684684ED040A01F0F1FB2422694609A8C3
:10ADE000F5F7DFFB9DED090A84ED050A12B010BDF1
:10ADF0006C000024FC270024281900245C2900246E
:10AE0000BC2A00241C2C0024242D00242C2E0024D9
:10AE100010B592B02849684601F0D0FB242269465B
:10AE200009A8F5F7BEFB254C68469DED090A2449A3
:10AE300084ED000A01F0C2FB2422694609A8F5F757
:10AE4000B0FB9DED090A1F49684684ED010A01F037
:10AE5000B5FB2422694609A8F5F7A3FB9DED090A75
:10AE60001949684684ED020A01F0A8FB24226946CC
:10AE700009A8F5F796FB9DED090A1449684684ED8B
:10AE8000030A01F09BFB2422694609A8F5F789FB18
:10AE90009DED090A0E49684684ED040A01F08EFB17
:10AEA0002422694609A8F5F77CFB9DED090A84ED8B
:10AEB000050A12B010BD0000FC2700242819002448
:10AEC0005C290024BC2A00241C2C0024242D0024EE
:10AED0002C2E002470B50C460546F5F74FFE45F0C4
:10AEE0008000F5F775FF5520F5F772FF5520F5F74F
:10AEF0006FFF2070BDE87040F5F738BE70B50C46A6
:10AF00000546F5F74BFE21462846FFF7D7FBBDE87F
:10AF10007040F5F73BBE000010B5044621482249B9
:10AF2000224B9FED230A8268E2608A4203DC9A4248
:10AF300001D284ED030AC26822618A4203DC9A428C
:10AF400001D284ED040A026862608A4203DC9A42FC
:10AF500001D284ED010A4268A2608A4203DC9A426F
:10AF600001D284ED020A417CA176017C2176418ADE
:10AF700000EE101AB8EE400A84ED050A818AA18419
:10AF8000C18AE184018B2185817E84F82A10C17EEB
:10AF900084F82B10807F84F854001434F8F764FF91
:10AFA000606410BD1C0000240AD7233C0AD723BCD0
:10AFB0000000000070B50C460546F5F7DFFD2146A0
:10AFC0002846FFF77BFBBDE87040F5F7CFBD0000DA
:10AFD000424810B501F0E0FE414C90ED010A9FEDB2
:10AFE000411B9FED424A9FED423BB7EEC02AD4ED94
:10AFF000000A4149B7EEE00A02EE010BB7EEC00BC2
:10B0000084ED000A94ED012AD0ED020AB7EEC22ABF
:10B01000B7EEE05A05EE012BF7EEC20BC4ED010AC4
:10B0200094ED022AD0ED040AB7EEC22AB7EEE05A38
:10B0300005EE012BF7EEC20BC4ED020A94ED032AD4
:10B04000D0ED030AB7EEC22AB7EEE05A05EE012BA7
:10B05000F7EEC20BC4ED030A90ED051AD4ED040A15
:10B0600031EE442AB7EEE01AB7EEC22A02EE031B15
:10B07000F7EEC10B10EE900AC4ED040A884202DD1F
:10B08000DFED1E0A06E010EE900A1D49884203D942
:10B09000F8EE040AC4ED040AF0EE000A1948C4ED03
:10B0A000050A01F0BCFA184894ED010A01F0B7FA5C
:10B0B000164894ED020A01F0B2FA154894ED030A1D
:10B0C00001F080FA134894ED040A01F07BFA94ED44
:10B0D000050ABDE81040104801F074BA741000244D
:10B0E00028190024FCA9F1D24D62603F0000804481
:10B0F000F168E388B5F8E43E9A99993E9A99993EA9
:10B10000000020C0FC2700245C290024BC2A002465
:10B110001C2C0024242D00242C2E002410B50446C1
:10B1200013488168E160C16821610168616041681C
:10B13000A160017CA176417C2176C17CE176817C95
:10B140006176818A00EE101AB8EE400A84ED070A93
:10B15000817D00EE101AB8EE400A84ED080A90F8DE
:10B16000200084F85400F8F77FFEA06510BD0000B1
:10B170003C0000240A498A68C260CA6802610A6801
:10B1800042604A6882608A7C8276CA7CC2764A7C47
:10B1900002760A7C42764A69C26189690162704717
:10B1A0008C0F002410B592B02849684601F006FAC9
:10B1B0002422694609A8F5F7F4F9254C68469DED67
:10B1C000090A244984ED000A01F0F8F924226946AD
:10B1D00009A8F5F7E6F99DED090A1F49684684EDCF
:10B1E000010A01F0EBF92422694609A8F5F7D9F91B
:10B1F0009DED090A1949684684ED020A01F0DEF95D
:10B200002422694609A8F5F7CCF99DED090A1449ED
:10B21000684684ED030A01F0D1F92422694609A8A1
:10B22000F5F7BFF99DED090A0E49684684ED040A59
:10B2300001F0C4F92422694609A8F5F7B2F99DED99
:10B24000090A84ED050A12B010BD0000FC27002495
:10B25000281900245C290024BC2A00241C2C00246A
:10B26000242D00242C2E002410B5FFF709F8104CD3
:10B27000104894ED000A01F0D2F90F4894ED010A4C
:10B2800001F0CDF90D4894ED020A01F0C8F90C481F
:10B2900094ED030A01F096F90A4894ED040A01F0CE
:10B2A00091F994ED050ABDE81040074801F08AB90C
:10B2B00028190024FC2700245C290024BC2A00242F
:10B2C0001C2C0024242D00242C2E002470B50C46A8
:10B2D0000546FFF7FDF921462846FFF709FB084818
:10B2E00001F05AFD4069074A0749904201DD2820D4
:10B2F00003E0064A904201DA6E20088070BD00002B
:10B30000741000240080BB446C0000240000FA4349
:10B3100070B50C460546FFF7DBF921462846FFF7D6
:10B320003FFC084801F038FD4069074A0749904250
:10B3300001DD282003E0064A904201DA6E200880F1
:10B3400070BD0000741000240080BB446C00002419
:10B350000000FA4370B50C460546FFF7B9F92146DF
:10B360002846FFF781FFBDE87040014801F014BD99
:10B370007410002410B5FFF7ABF9184801F00CFD6C
:10B380004069174A1749904201DD282003E0164A18
:10B39000904201DA6E200880144C154894ED000AA2
:10B3A00001F03DF9134894ED010A01F038F9124813
:10B3B00094ED020A01F033F9104894ED030A01F00C
:10B3C00001F90F4894ED040A01F0FCF894ED050A28
:10B3D000BDE810400B4801F0F5B8000074100024DF
:10B3E0000080BB446C0000240000FA4328190024AC
:10B3F000FC2700245C290024BC2A00241C2C0024E7
:10B40000242D00242C2E002470B5644B624A2DEDAF
:10B41000028B19704179022914D18179032911D144
:10B42000B0F807101180B0F809105180B0F80B1077
:10B430009180B0F80D10D180B0F80F101181B0F8E4
:10B4400011005081B7EE002AFFEE002A9FED541A3A
:10B45000514C0C34DFED531A5FF0000004F1180575
:10B4600032F810100B0402D5B0EE420A01E0B0EE43
:10B47000620AC1F30E0100EE901A22F8101004EBDC
:10B480008003B8EE603AF8EE600A05EB8001401CDC
:10B4900023EE003A60EE800A062883EE010A60EE91
:10B4A000A10A83ED000AC1ED000AD9DB94ED010A7F
:10B4B000DFED3D0AFFF79CF9374EDFED3C0A3C36E5
:10B4C00086ED000A94ED020AFFF792F986ED010A73
:10B4D00094ED040ADFED360AB1EE400AFFF788F971
:10B4E00086ED020A94ED030ADFED320AB1EE400A5E
:10B4F000FFF77EF986ED030A94ED050ADFED2E0ACB
:10B50000B1EE400AFFF774F99FED2C8A86ED040A2C
:10B5100094ED000AF0EE480AFFF76AF986ED050A95
:10B5200095ED010ADFED260AFEF714FD06F1180479
:10B53000DFED240A84ED000A95ED020AFEF70AFD0C
:10B5400084ED010A95ED040ADFED1F0AB1EE400A11
:10B55000FEF700FD84ED020A95ED030ADFED1B0AFC
:10B56000B1EE400AFEF7F6FC84ED030A95ED050AFC
:10B57000DFED170AB1EE400AFEF7ECFC84ED040A99
:10B5800095ED000AF0EE480AFEF7E4FC84ED050AAA
:10B59000BDEC028B70BD0000741300246800002411
:10B5A0000000C842D302373900000243000066435E
:10B5B00000004D430000B0C2000020C300000000A6
:10B5C0001D361140CB748040B9FC64400998C4BF5B
:10B5D000C1B832C030EE600AB5EEC00AF1EE10FA22
:10B5E00005DDB4EEC10AF1EE10FA0CDC0DE0B5EEAB
:10B5F000C00AF1EE10FA07D8F1EE410AB4EEE00A03
:10B60000F1EE10FA01D200207047012070470000CF
:10B610002DE9F0411F4615460E4604462DED048BDC
:10B62000B7EE008AF0EE008A90ED000AD0ED031A22
:10B6300090ED011A20EE002A60EE211AD0ED022AC8
:10B64000F0EE480A01EE012A41EE221A52EE280AD3
:10B6500021EEA80A01F0A8FD9FED1B9AF8EE001A52
:10B6600020EE090A86ED000A94ED010A94ED032A02
:10B67000D4ED000A94ED021A20EE020A00EEC10A8F
:10B6800020EE210A01F0F4FC20EE090AF0EE480A4F
:10B6900085ED000A94ED030A94EC031A61EE211A79
:10B6A00021EE011A42EE001A00EE001A21EEA80A5D
:10B6B00051EE280A01F078FD20EE090A87ED000A14
:10B6C000BDEC048BBDE8F081E12E65422DE9F0412F
:10B6D000B0F804210D460446002023E0B4F8001120
:10B6E0000144CB1701EB137323F00F03C91A04EBCA
:10B6F00001131E7B012E01D04EB112E01E682B6893
:10B70000370EB7EB136F0CD1DBB2F6B201E01B685A
:10B710002E68B34205D16CCD04EB011080E86C00BB
:10B7200019E0401C8242D9DC102A01D1F5F78DFEC8
:10B73000B4F802012ECD04EB001080E82E0094F83E
:10B740000201401C00F00F00A4F80201B4F804014B
:10B75000401CA4F804010120BDE8F0810021A0F8FC
:10B760000011A0F80211A0F80411704770B5017023
:10B770000446427011FB02F08000054601F029FCEE
:10B7800000212A46F4F73FFF6060204670BD00218B
:10B79000017041704160704710B50446406818B1AF
:10B7A00001F00FFC00206060204610BD70B50D4612
:10B7B0000446A84225D06068002610B101F001FCC3
:10B7C00066602878207069786170C8B1C1B110FBDB
:10B7D00001F0800001F0FDFB606000200AE0696874
:10B7E000626801EB800191ED000A02EB8001401CD0
:10B7F00081ED000A2178627811FB02F18142EEDCD2
:10B80000204670BD30B4DFED210A8180002402643F
:10B8100000F14401C0ED080AB7EE000A9FED1A2AB4
:10B82000846280ED0C0ADFED1A2A80ED1E2A80ED7D
:10B830000D0AABB1012B24D1F1EE044ADFED151A4C
:10B840009FED151ADFED150A9FED150AB9EE044AB2
:10B85000F1EE043AB0EE423A30BC084600F0A8BE21
:10B86000F2EE044ABAEE044AF1EE043AB0EE423A7D
:10B87000F3EE0E1ABBEE0E1AF2EE090ABAEE090A40
:10B88000EAE730BC7047000000000000DB0FC94051
:10B890000000FA4300004842000048C2560E4941E9
:10B8A000560E49C11FB5D0ED0C0A20EE200AD0ED8E
:10B8B0001B0A80ED1C0AB1EE601AB4EEC10AF1EE6B
:10B8C00010FA02D2B0EE410A06E0B4EEE00AF1EE60
:10B8D00010FA01DDB0EE600A80ED1C0A30EE200A9D
:10B8E000DFED0E1AB0EE001A8288002320EE210A46
:10B8F00060EE810A0293CDE9002380EE201ABDEEAE
:10B90000C10A10EE101AC1F303248DF80A408DF815
:10B910000B1001688A68694690471FBD00F07F459B
:10B920000FB42DE9F04104469DF8280000287CD191
:10B930000798002879D19DF82010A088884601F04A
:10B940000F01814271D19DF8241005289DF8232014
:10B950004FF470639DF82500BDF8217003EA0125BE
:10B960004FEA021242EA111645EA000525D15A486B
:10B9700079BAB7EE000A102280ED000A00EE101A24
:10B98000B8EE400A80ED010A94ED120A204600F05C
:10B99000A9F884ED020A0C22314694ED140A2046DF
:10B9A00000F0A0F884ED030A0C22294694ED1A0A4F
:10B9B000204600F097F884ED050A79BA2046102257
:10B9C00094ED120A00F08EF884ED020A0C22314642
:10B9D00094ED140A204600F085F884ED030A0C2249
:10B9E000294694ED1A0A204600F07CF884ED050AF9
:10B9F0004FEA181084F87400082802D2E06B00B1F6
:10BA0000804794F87410012001294AD0002184F85D
:10BA1000261000BF9DF82620216A00EE102A2F4B29
:10BA200084F87520B8EE400A00E051E084ED060A83
:10BA300099429DF8271084F8761003D194ED020AFC
:10BA400084ED080A94ED022A94ED080A244A32EEA5
:10BA5000400AB5EEC00AF1EE10FAF1EE400A70FEAF
:10BA6000200A10EE901A91422BDDD4ED0D1AD4ED80
:10BA7000120A94ED073A80EE211AF1EE603AF0EEE8
:10BA8000002AF4EEC03A31EE031AF1EE10FA84ED1A
:10BA9000071A09DD20EEA20AC0EE210A30EE810A63
:10BAA0000DE084F82600B5E7F4EEC00AF1EE10FAD6
:10BAB00007D220EEA20AC0EE210A31EE600A84ED20
:10BAC000070A84ED082A84F82700F8F7CDF9A06268
:10BAD000BDE8F0015DF814FB60000024DB0FC940F5
:10BAE0000AD7233C00EE901AB0EE001A012020EE97
:10BAF000011AF8EEE00A9040401E21EE201A00EEF6
:10BB0000900AF8EEE01AC1EE210A30EEC00A704742
:10BB10007FB500238288FF240293CDE90023002211
:10BB20006B469E18551CEAB2072A3471F9D38DF87A
:10BB30000B1001688A68194690477FBD70B50025D3
:10BB40000D730446006C48B1FFF7C0FD206C84F80B
:10BB5000275018B1B0F80401102802D1022084F84F
:10BB60002C0070BD10B50446806B84ED1C0A40B1FA
:10BB700094ED020A8047D4ED1C0A30EE200A84EDD1
:10BB80001C0A2046BDE81040FFF78CBEFC21FFF7E1
:10BB9000BFBF70B50C460546FD21FFF7B9FF012C6C
:10BBA00005D12846BDE87040FB21FFF7B1BF70BD4D
:10BBB00070B5044606481D4613462A4620602046B6
:10BBC000FFF720FE94ED1A0A204684ED1B0A70BD93
:10BBD0008CE70008F0B401241F26DFED480A002599
:10BBE000B7EE000A9FED462A818080F8CC60C0ED58
:10BBF000080A80ED0C0A80F82C5080ED342A80ED84
:10BC00000D0A8562D3B3DFED3F2ADFED3F0A9FEDDA
:10BC10003F0ADFED3F1A9FED3F1ADFED3F3A9FED00
:10BC20003F6ADFED3F5A9FED3F5A082A036400F157
:10BC300044015ED2DFE802F0041523232C37444D83
:10BC4000F2EE084ABAEE084AF1EE043AB0EE423A91
:10BC5000F3EE0E1ABBEE0E1AF2EE090ABAEE090A5C
:10BC600043E0F2EE0C4ABAEE0C4AF1EE043AB0EEC2
:10BC7000423ADFED2D1A9FED2D1A36E039E0F3EE52
:10BC8000014ABBEE014AF1EE043AB0EE423A2CE032
:10BC9000DFED274A9FED274AB0EE423AF3EE041A51
:10BCA000BBEE041A21E0DFED244A9FED244AB0EEFA
:10BCB000423AF0EE462AF2EE0E1ABAEE0E1A14E0EE
:10BCC000F1EE064AB9EE064AF1EE043AB0EE423A17
:10BCD00007E0DFED1B4A9FED1B4AB0EE423AF0EE63
:10BCE000462AF0EE651AB0EE451AF0BC084600F0A0
:10BCF00062BC80F82C40F0BC70470000DB0FC940EC
:10BD0000000000000000FA43B81E4941B81E49C1B6
:10BD100000003042000030C20000C84200409C4594
:10BD200000004842000048C200000442000004C273
:10BD300000007042000070C20000F0420000F0C23B
:10BD400000001042000010C21FB5D0ED0C0A20EE1A
:10BD5000200AD0ED190A80ED0F0AB4EEE00AF1EEE8
:10BD600010FA02D2B0EE600A08E090ED1A1AB4EEB2
:10BD7000C10AF1EE10FA01DDB0EE410A80ED0F0AC2
:10BD800090ED1A1A71EE601AB4EEC10AF1EE10FAD3
:10BD900002DDB0EE410A08E0B0EE601AB4EEC10A6E
:10BDA000F1EE10FA01D2B0EE600A4FF08073828893
:10BDB00030EE600ADFED0A0A20EE200AC0EE210A0A
:10BDC000BDEEE00A10EE101A43EA012100230293AF
:10BDD0001143CDE9001301688A68694690471FBD89
:10BDE00000FF7F470FB470B504460598A188C0F3E3
:10BDF000072088427ED19DF8200001287AD1F8F7EB
:10BE000033F8A0620125059884F82750C0F3056037
:10BE100002281ED012281CD015286CD0112869D1F8
:10BE2000BDF8180000219F4A32F8113083427DD1BD
:10BE3000182905A85ED2DFE801F094999FA5ABB15F
:10BE4000B7BDC3C9CFD5DBE1F1F7FDEDECEBEAE916
:10BE5000E8E7BDF818001021D4ED120A94ED110A9C
:10BE600040BAFEF74BF884ED020ABDF81A00102123
:10BE7000D4ED140A94ED130A40BAFEF73FF884EDAE
:10BE8000030ABDF81C001021D4ED1A0A94ED190A1A
:10BE900040BAFEF733F884ED050ABDF81E00F2EE55
:10BEA000040A40BA00EE100AB8EE400A80EE201AEA
:10BEB00084ED061A0598C0F30540A0840598C0F3E8
:10BEC0008150022838D0002084F826007649206A64
:10BED000884203D194ED020A84ED080AD4ED021AD7
:10BEE00094ED080A714931EEC00AB5EEC00AF1EED0
:10BEF00010FA01E02FE031E0F1EE400A70FE200A76
:10BF000010EE900A884224DD10EE100A6849D4ED44
:10BF10000D0A94ED071A9FED672AC0EE202A884289
:10BF200032EE811A84ED071A09DA00E0B5E082EEFC
:10BF3000200A30EE010A0AE084F82650C6E710EE27
:10BF4000100A884205DD82EE200A31EE400A84EDB7
:10BF5000070AC4ED081A70BC5DF814FB0698A084AB
:10BF6000F9E79DF81C0084F86C00F4E7001DFDF76C
:10BF70001FFC84ED1C0AEEE7001DFDF719FC84EDA3
:10BF80001D0AE8E7001DFDF713FC84ED1E0AE2E739
:10BF9000001DFDF70DFC84ED1F0ADCE7001DFDF719
:10BFA00007FC84ED200AD6E7001DFDF701FC84EDB7
:10BFB000210AD0E7001DFDF7FBFB84ED220ACAE74A
:10BFC000001DFDF7F5FB84ED230AC4E7001DFDF716
:10BFD000EFFB84ED240ABEE7001DFDF7E9FB84EDCD
:10BFE000250AB8E7001DFDF7E3FB84ED260AB2E75A
:10BFF000001DFDF7DDFB84ED270AACE7001DFDF712
:10C00000D7FB84ED280AA6E742E037E030E029E0DC
:10C0100022E01BE014E00DE006E0FFE7001DFDF765
:10C02000C7FB84ED290A96E7001DFDF7C1FB84EDEF
:10C030002A0A90E7001DFDF7BBFB84ED2B0A8AE777
:10C04000001DFDF7B5FB84ED2C0A84E7001DFDF70C
:10C05000AFFB84ED2D0A7EE7001DFDF7A9FB84ED03
:10C060002E0A78E7001DFDF7A3FB84ED2F0A72E787
:10C07000BDF81C0040BAC4F8C0006CE707989DF8F2
:10C080001F1000BA20F0FF000843C4F8C40062E7A4
:10C090009DF81C0084F8C8005DE7491C17297FF74C
:10C0A000C3AE58E704E70008DB0FC9400AD7233CBA
:10C0B000DB0F4940DB0FC94010B50446012008736F
:10C0C000206C50B1FFF702FB206C002184F8271090
:10C0D00018B1B0F80401102802D1022084F82C0015
:10C0E00010BD10B50446806B84ED0F0A40B194ED8D
:10C0F000020A8047D4ED0F0A30EE200A84ED0F0AC1
:10C100002046BDE81040FFF71FBE1FB590F8CC30A9
:10C11000002281884FF04074029244EA03231943BD
:10C12000CDE9001201688A68694690471FBD7FB556
:10C1300090F8CC40002382884FF08065029345EA56
:10C1400004242243CDE900238DF8041001688A6895
:10C15000694690477FBD00002DE9F04105461E4627
:10C1600006481746069B0C46324639462860284644
:10C17000FFF730FD2846AC63BDE8F081ACE700086E
:10C1800070B50446407C0D46217C884204D2297853
:10C19000204600F0F6FE08B1002070BD617CE0682A
:10C1A0006CCD00EB011080E86C00607C401C60747A
:10C1B000012070BD10B50178044600F0E2FE0028B1
:10C1C00009D0C268002A06D0D4E90110411A2046DD
:10C1D000BDE81040104710BD70B50D46044600F094
:10C1E000D0FE00281ED02178A9421BD0204600F0A6
:10C1F000C8FE20B1826812B12946204690472078B7
:10C20000A1682570607020466160294600F0B9FE83
:10C21000002807D04268002A04D061782046BDE893
:10C220007040104770BDC2600023017403704370FA
:10C2300043608360437470477047000010B5DFEDC2
:10C240001A0A818000249FED191A0364C0ED080AC0
:10C2500080ED131AB7EE000A846280ED0C0A72B109
:10C26000012A13D0022A09D1B0EE081ADFED100A14
:10C27000C0ED110A80ED121A80ED0D0A10BD9FED80
:10C280000D0AF2EE040A9FED0C1A05E09FED0B0A71
:10C290009FED0B1AF3EE040A80ED110AC0ED120AAD
:10C2A00080ED0D1A10BD0000DB0FC940000000003A
:10C2B00082A8FB386F12833A000010420000A03AB7
:10C2C0002CA099412DE9FF41D0ED0C0A20EE200A67
:10C2D000D0ED120A80ED0F0AB1EE601AB4EEC10A79
:10C2E000F1EE10FA02D2B0EE410A06E0B4EEE00A36
:10C2F000F1EE10FA01DDB0EE600AD0ED110A81888E
:10C3000080ED0F0A80EE201AA1F20122032ABDEE71
:10C31000C10A10EE102A13B202D84FF400710CE0DB
:10C32000A1F20522032A02D840F2FF1105E0A1F292
:10C330000921022902D840F2FF2100910021019138
:10C3400002910022016CB1F80451B1F8006119E0CA
:10C35000B418E71704EB177727F00F07E41B009FCB
:10C36000A4B204F0FF0C01EB0C1CDCF800C0BC45CF
:10C3700007D1E2B201EB02114A6801928968029189
:10C3800002E0521CAA42E3DB8188A1F20121CA1714
:10C3900001EB927222F00302891A6A46C9B21C0AA2
:10C3A00002EB41010C714B7101688A686946904744
:10C3B000BDE8FF812DE9F04104460698A588A94211
:10C3C00079D110F0FF0F76D1110C100EDFED451A68
:10C3D000090209B2014300EE901A1F0239B2F8EEC9
:10C3E000E00AC3F30726314392B2C0EEA13A01EE50
:10C3F000901A50BA00EE900AF8EEE11A9FED3A3A20
:10C40000B8EE604ADFED392AB0EE001AC3F30742F6
:10C41000204602EE102A9FED360A0125C1EE830A5E
:10C4200064EE221AB8EE422A190E61EE811A23EE4A
:10C43000811A84ED062A84F8265061EE801A21EED6
:10C44000000AC4ED021AC4ED040A84ED030A00F0E8
:10C4500083F82849206A884203D194ED020A84EDCA
:10C46000080A94ED030AB5EEC00AF1EE10FA01DCF9
:10C47000B1EE400A10EE100A1F49884227DA94ED07
:10C48000020A94ED082AD4ED0D0A94ED071A30EE55
:10C49000420A1A49DFED1A1A10EE100A80EE202A1D
:10C4A000884232EE011A84ED071A05D981EEA00AFE
:10C4B00030EE010A09E013E010EE100A114988423B
:10C4C00005DD81EEA00A31EE400A84ED070A94ED05
:10C4D000020A84ED080A84F82750F7F7C5FCA06229
:10C4E000BDE8F0810000704200007A44000000398D
:10C4F000DB0F4940DB0FC940CDCCCC3DDB0F49C041
:10C50000DB0FC940DB0F494070B500250D730446B1
:10C51000006C48B1FFF7DAF8206C84F8275018B1A6
:10C52000B0F80401102802D1022084F82C0070BD5C
:10C5300010B50446806B84ED0F0A40B194ED020AF9
:10C540008047D4ED0F0A30EE200A84ED0F0A204612
:10C55000BDE81040FFF7B6BE0022092916D2DFE879
:10C5600001F0150507090B0D150F110001210AE057
:10C57000022108E0032106E0042104E0052102E095
:10C58000072100E0082180F85010704780F8502003
:10C59000704770477047000010B50446034820609C
:10C5A0002046FFF74BFE204610BD0000CCE70008F8
:10C5B00080EC0A0A704780EC0A0A7047242208318E
:10C5C000F3F7EFBF10B580ED400AD0ED020A044644
:10C5D000C03000F009FCD4ED411AD4ED400A94EDCE
:10C5E0001E1AC4ED410A70EEE11A04F17C0001EE5E
:10C5F000210A84ED2F0AD4ED030A00F0F5FB84ED47
:10C600001C0A2046BDE81040FFF7ACBA10B5FFF792
:10C61000CFFA0149016010BDECE70008704710B582
:10C6200080ED560AD0ED020A044600F58C7000F049
:10C63000DBFBD4ED571AD4ED560A94ED341AC4ED51
:10C64000570A70EEE11A04F1D40001EE210A84EDDC
:10C65000450AD4ED030A00F0C7FB84ED0F0A20461B
:10C66000BDE81040FFF73DBD38B5049C0094FFF7CE
:10C6700073FD0149016038BD0CE8000870470000F7
:10C6800070B515000E46044611D030462660FDF701
:10C6900097F80749074A41F820400E213046656067
:10C6A000FAF718F93046BDE87040F9F703BE70BDDF
:10C6B000E00F00246DA800084068002800D0004763
:10C6C0007047000070B50D00044623D0002A21D029
:10C6D000C4E900522846FDF725FC0F4951F82020F7
:10C6E000A24217D041F82040204600F01CF90B4A26
:10C6F00000212068F7F770F809492846F7F7ADF8E8
:10C70000206800220121F6F795FA2068BDE8704004
:10C71000F7F7C1B870BD0000C40F002421AD0008B8
:10C72000FDAC000810B519B190F82830082B01D3E2
:10C73000002010BD002208E000EB8204A4688C42B7
:10C7400001D1012010BD521CD2B29342F4D81A4636
:10C7500000EB8303521C80F828209960F1E72DE953
:10C76000F04F0446006887B000283FD004F168030A
:10C7700004F140029B4640219246F6F76DFB0028EB
:10C7800034D1606C00B10120276C0025D4E91A98DF
:10C7900060F307060DE004EB8500806838B1009671
:10C7A000434601684A46D1F80CC03946E0476D1C43
:10C7B000EDB294F82800A842EDD800250AF1100641
:10C7C00010E004EB8500C76A57B11822314668466D
:10C7D000CDF818B0F3F7E5FE04F140000FC8B847F4
:10C7E0006D1CEDB294F83C00A842EAD807B0BDE851
:10C7F000F08FF0B5044600688FB000284FD0606815
:10C8000000284CD0B0F80401002848D072B624218A
:10C8100005A8F3F72DFF00254FF4006612E09DF800
:10C82000100008B14FF08040069008210198059053
:10C8300002AACDE907510A9505A90B950C95206828
:10C84000F6F73CFA6068B0F8041119B3B0F80011BB
:10C850000DF1040C00EB01118EC98CE88E0090F8EC
:10C860000011491C01F00F01A0F80011B0F80411EB
:10C87000491EA0F804112068F6F7BEFB0028CED1AF
:10C880006068B0F8040128B1206800223146F6F74C
:10C89000D1F903E020683146F6F79CFA62B60FB092
:10C8A000F0BD70B50024054694B036E001AE2846D0
:10C8B000E1B200F07AFB00F1080130462422F3F7E0
:10C8C00070FE242201A90AA8F3F76BFEBDF844000C
:10C8D00040B12846E1B200F068FB01684A690121D5
:10C8E000904719E00AAE2846E1B200F05EFB00F185
:10C8F000080130462422F3F754FE24220AA901A895
:10C90000F3F74FFE9DF8220030B92846E1B200F05F
:10C910004CFB016809698847641C95F82800A0420F
:10C92000C4DC14B070BD30B589B00446202101A824
:10C93000F3F79EFE2068FDF7F5FAC10001AB002079
:10C9400001250222083983E82700059001A90690F5
:10C950002068F6F7E7F900220095206801231146C8
:10C96000F6F71FFA09B030BD10B500220260426030
:10C97000114680F828204B1C00EB8104D9B208290D
:10C98000A260F8D310BD000070B50E4615460446EF
:10C9900001603046FDF702F90E4941F8204005B12B
:10C9A000656030460C49FAF777FD0C4A01213046A4
:10C9B000FAF71EFD402104F21D20F3F737FE402157
:10C9C00004F25D20F3F732FE2046BDE8704000F02F
:10C9D00031B800001C10002485A50008A9A5000896
:10C9E00010B504460068002819D00021C0F8901046
:10C9F000206880F884102068FAF7C0FA2068FAF7F7
:10CA00002BFB07492068FAF747FD064A01212068F9
:10CA1000FAF7EEFC2046BDE8104000F00BB810BD60
:10CA200085A50008A9A50008006808B1FAF752BD5D
:10CA30000120704710B5044690F81C02402204EB18
:10CA40008011206801F21D21FAF700F820682549BD
:10CA5000D0F88000006888423AD0224918318842D4
:10CA600036D020493031884232D01E494831884280
:10CA70002ED01C49603188422AD01A497831884228
:10CA800026D018499031884222D01649A8318842D0
:10CA90001ED0154988421BD013491831884217D03F
:10CAA00011493031884213D00F49483188420FD0A4
:10CAB0000D49603188420BD00B497831884207D04C
:10CAC00009499031884203D00749A831884203D1EF
:10CAD000016821F0080102E0016821F00401016011
:10CAE00010BD0000100002401004024070B5054661
:10CAF000006892B068B195F81A1251B1D0F8881058
:10CB000020294DD00068016841F04001016012B059
:10CB100070BDC06F3149006888423AD02F49183142
:10CB2000884236D02D493031884232D02B494831A5
:10CB300088422ED02949603188422AD0274978314D
:10CB4000884226D025499031884222D02349A831F5
:10CB500088421ED0224988421BD021491831884280
:10CB600017D01F493031884213D01D4948318842BF
:10CB70000FD01B49603188420BD019497831884267
:10CB800007D017499031884203D01549A83188420F
:10CB900004D1016840F226629143B7E70168B5E726
:10CBA00095F8186205F108044222684606EB461122
:10CBB00004EB4101F3F7B0FC94F81202761C06F086
:10CBC000070184F81012401E84F81202BDF84000DC
:10CBD0006946C2B22846FFF727FF98E710000240D7
:10CBE0001004024070B50C0005461FD0402C1DD823
:10CBF00095F81C02D8B1002185F81C1205EB8016AF
:10CC000085F89D423019C4F1400100F21D20F3F770
:10CC10000DFD6A681AB106F21D20E1B29047284660
:10CC2000FFF708FFF7F720F9C5F8A00270BD012152
:10CC3000E2E700210160416080F8181280F81912C3
:10CC400080F81A1280F81C12C0F8A0127047000079
:10CC50000422114610B5FEF789FD04220830114662
:10CC6000FEF784FD042208301146FEF77FFD042202
:10CC700008301146FEF77AFD042208301146FEF70F
:10CC800075FD042208301146FEF770FD1649062393
:10CC900008220C3000F0DAF9A0F134042146FEF746
:10CCA00085FD04F1080104F13C00FEF77FFD04F16D
:10CCB000100104F14400FEF779FD04F1180104F1BC
:10CCC0004C00FEF773FD04F1200104F15400FEF75F
:10CCD0006DFD04F1280104F15C00FEF767FD0620FC
:10CCE00084F83000204610BD8FB7000810B580EDE5
:10CCF000250AD0ED030A0446543000F075F884ED9F
:10CD00000F0A2046BDE81040FFF712BC10B5FFF730
:10CD100043FC0149016010BD2CE80008704710B5C4
:10CD2000437C00220BE0446954F8224024798C4271
:10CD300003D1406950F8220010BD521CD2B2934278
:10CD4000F1D8002010BD70B50446407C0D46217C12
:10CD5000884204D229792046FFF7E1FF08B100207C
:10CD600070BD617C606940F82150291D2046FFF7A5
:10CD700007FA012070BD10B514461A46FFF753FAA2
:10CD8000446110BDFFF758BA80F8A422014AFFF7AA
:10CD9000FBBD0000A9A7000800F52970704700003E
:10CDA000C43010B5FEF7F8FCA0F1C4040D49062309
:10CDB00008229038F3F798FC04F12800FEF7ECFC09
:10CDC0000838FEF7E9FC0838FEF7E6FC0838FEF7FD
:10CDD000E3FC0838FEF7E0FCBDE810400838FEF739
:10CDE000DBBC000099B7000890ED041A30EE600A31
:10CDF000F1EE410A80ED030AB4EEE00AF1EE10FA1A
:10CE000002D2B0EE600A06E0B4EEC10AF1EE10FA0A
:10CE100001DDB0EE410A80ED030AB5EEC00AF1EE85
:10CE200010FA01DCB1EE400AD0ED080A9FED4C2A61
:10CE3000B4EEE00AF1EE10FA01D880ED032AD0ED4D
:10CE4000030A90ED090AD0ED0F2A90ED0E3A30EE6C
:10CE5000C00AF5EEC00AB7EE001AF1EE10FA62EE63
:10CE6000801A71EE622A80ED070A42EE831AC0ED45
:10CE70000E1A02DDB0EE600A01E0B1EE600AD0EDFC
:10CE80000D3A90ED003AD0ED022AB4EEE30AF1EE4D
:10CE900010FA08DB23EE200A80ED052A02EEA10A33
:10CEA00080ED0B0A41E0F5EEC00AF1EE10FA02DD6A
:10CEB000B0EE600A01E0B1EE600A80EE234A31EE86
:10CEC000441AB5EEC01AF1EE10FA02D2B0EE421AD0
:10CED00006E011EE101AB1F17E5F01DDB7EE001A27
:10CEE00090ED050A90ED062A00EE810AB1EE421A95
:10CEF00080ED050AB4EEC10AF1EE10FA02D2B0EEEE
:10CF0000410A06E0B4EEC20AF1EE10FA01DDB0EE1D
:10CF1000420A23EE201A90ED012A80ED050A02EE66
:10CF2000001A02EEA11A80ED0B1A90ED0C0A90ED9A
:10CF30000B1AF1EE401AB4EEE11AF1EE10FA02D239
:10CF4000B0EE610A06E0B4EEC01AF1EE10FA01DCB0
:10CF5000B0EE410AC0ED090A80ED0B0A70470000EF
:10CF600000000000C0ED0C1A80ED042AC0ED062A76
:10CF700080ED083AC0ED0D3A80ED0F4A80EC030ACF
:10CF8000704710B5437C00220BE0C46804EB021428
:10CF900024788C4203D1C06800EB021010BD521CF3
:10CFA000D2B29342F1D8002010BD90F828208A42D6
:10CFB00003D900EB8100806870470020704700F0C3
:10CFC0001FBA10B500F001F810BD10B5F3F7D1FB92
:10CFD00010BD10B500F002F810BD000010B504003F
:10CFE00007D1012405E0F3F71FFC006800B90448ED
:10CFF00080472046F3F78EFB0028F4D010BD0000D8
:10D00000D50800084100080218BF04200A0E18BF06
:10D0100040F001004FF07F4232EA010108BF40F0CA
:10D020000200012808BF05207047090700284FEAC1
:10D03000116104DB00F1E02080F80014704700F07B
:10D040000F0000F1E02080F8141D70472DE9F04139
:10D050001C4617460E00804607D0054602E02846CB
:10D06000B0473D442046641EF9D24046BDE8F081F9
:10D0700010B54FF00E402DED028BB0EE408A18EE49
:10D08000104A00EB4400B0F1506F4AD84FF0FC401A
:10D09000B0EB440F22D2B0EEC80ADFED360A30EE14
:10D0A000C00ADFED350A60EE208A18EE900A01F022
:10D0B00039F801EE100A14F0004F1DBFDFED2F0A02
:10D0C0009FED2F0AB1EE411ADFED2E0A08BF9FED4A
:10D0D0002E0ADFED2E1A21EE218A05E0DFED2C0A63
:10D0E00068EE088AB0EE600A9FED2A1ADFED2A1A70
:10D0F00030EE080A48EE811A9FED281A08EEA11AB0
:10D10000DFED271A48EE811A9FED261A08EEA11AC4
:10D1100068EE281ABDEC028B01EE810A30EE200A7F
:10D1200010BD4FF0E440B0EB440F0CD918EE100ADC
:10D13000FFF768FF042808BF00F070FAB0EE480A55
:10D14000BDEC028B10BD4FF07F40B0EB440F07D217
:10D15000B0EE480ABDEC028BBDE8104000F050BABA
:10D160000120F3F732FBBDEC028BBDE8104000F06C
:10D170004DBA00000000803F0000003F0000C9BF22
:10D1800022AAFDB90000C93F22AAFD39000000C053
:10D190000000000024FE1C3DC78AD83C1E67383DB5
:10D1A0001B93993DAFAA2A3E10EE100A10B510EE5F
:10D1B000901A4FF0684202EB40032DED028BB3F161
:10D1C000654F3CBF02EB4102B2F1654F7CD200BF1C
:10D1D000C0F3C753C1F3C7529A1A1B2A09DD10F0D6
:10D1E000004F14BF9FED6E0A9FED6E0ABDEC028BDF
:10D1F00010BD12F11A0F1BDA11F0004F09D010F018
:10D20000004F0CBF9FED680A9FED680ABDEC028BD2
:10D2100010BD80EE208A18EE100AFFF7F3FE0428F6
:10D2200008BF00F0FBF9B0EE480ABDEC028B10BD60
:10D230004200B2EB410F37D910F0004F19BFDFEDBC
:10D240005C1A9FED5C1ADFED5C1A9FED5C1AB0EE84
:10D25000602A0A46F1EE400A80F00041B0EE420A30
:10D2600010460A1A5200B2F1807F34D2484010F0C2
:10D27000004FDFED532A9FED533A1DBF9FED522A19
:10D2800071EEE21A31EE431A9FED502A04BF71EE9F
:10D29000A21A31EE031AF0EE402A42EE602A40EE66
:10D2A000020A82EEA02A18E011F0004F04BF9FEDA1
:10D2B000481AF0EE411AD4D010F0004F1CBFDFED39
:10D2C000451A9FED451A00E026E004BFDFED431A42
:10D2D0009FED431AC5E780EE202A22EE020ADFED19
:10D2E000410ADFED412ABDEC028B40EE202ADFED42
:10D2F0003F0A40EE220ADFED3E2A40EE202ADFED13
:10D300003D0A40EE220A22EE000A00EE201A31EE1B
:10D31000020A30EE210A10BD4FF07F42B2EB400FFF
:10D3200028BFB2EB410F05D2BDEC028BBDE8104027
:10D3300000F069B940EA01035B0008BF41F0FF411A
:10D340000BD0B2EB400F08BFB2EB410F08D120F079
:10D35000804000EE100A21F0804100EE901A37E77D
:10D36000B2EB400F12BF5FEA410240F0FF4001F014
:10D3700000413FF42DAF4A0092EA40033FF528AF49
:10D38000002AACBF9FED1C1A9FED1C1A20EE010A6B
:10D3900060EE810A10EE100A10EE901A18E70000F5
:10D3A000DB0FC9BFDB0FC93FDB0F4940DB0F49C0B3
:10D3B0000000C9BF22AAFDB90000C93F22AAFD3959
:10D3C0000060ED3EC30ACE37000000BF0000003F02
:10D3D00000000000000049C022AA7DBA00004940B8
:10D3E00022AA7D3A2DAD65BD8FB8D53D0FB511BED2
:10D3F00061C84C3EA8AAAABE0000804F0000802F42
:10D4000010EE101A08B5434A6846B2EB410F26D910
:10D410004FF0E640B0EB410F94BF00204FF0FF30DB
:10D4200000900098DFED3C0A002860DB10F0010F4F
:10D4300046D060EE000ADFED391A9FED391A10F080
:10D44000020F00EEE11ADFED371A40EE811A21EEED
:10D45000A01AF0EE400A40EE010A2ED041E0324B15
:10D4600021F0004293423FD911F0004FDFED2F0A27
:10D4700020EE201ADFED2E0A19BF31EE601A71EE90
:10D48000200A31EE201A71EE600ABDEEE01A11EEAC
:10D49000100A9FED281A00F0030000EEC10A9FED6C
:10D4A000261A009000EEC10A9FED241A00EEC10A70
:10D4B0009FED231A00EEC10AB3E7F1EE600A10E017
:10D4C00020EE000A9FED1F1ADFED1F1A10F0020F69
:10D4D00040EE011A9FED1D1A00EE211A40EE010ADE
:10D4E000EBD1B0EE600A08BD00F0A0F899E710EEAD
:10D4F000100A4000B0F17F4FF3D307D14FF0010085
:10D50000F3F763F9BDE8084000F080B8BDE80840D3
:10D5100000F076B8B61F927E0000803F336D4C3924
:10D52000DA82083CA0AA2ABE490E494683F9223F66
:10D530000000004B0000C93F00A0FD390020A233CD
:10D540001A61342CB93AB2BACA9F2A3DDDFFFFBE38
:10D5500010B52DED028BF0EE408A18EE900AB0EE79
:10D56000608A20F00040C0F1FF40C00F07D118EEE4
:10D57000100A20F00040C0F1FF40C00F2BD018EE81
:10D58000101A18EE900A00F065FE00EE100A10EE78
:10D59000100A6FEAD05010F0FF0F04BFBDEC028BF1
:10D5A00010BD18EE900A00F0004110EE100A00F0D5
:10D5B0000040814204BFBDEC028B10BD18EE101A72
:10D5C00010EE100ABDEC028B61F31E0000EE900A13
:10D5D00030EE600A10BD18EE900A4FF07F41B1EBBB
:10D5E000400F1CBF18EE100A5FEA4000C7D10120AF
:10D5F000F3F7EBF8BDEC028BBDE8104000F006B885
:10D6000030EE000A704730EE200A7047DFED020A64
:10D6100080EEA00A70470000000000009FED020AA3
:10D6200020EE000A70470000000000102DE9F00114
:10D630004FF07F42B2EB410F9FBF4FF0FF310160CF
:10D64000BDE8F00170474FF0004242EA0123C1F308
:10D65000C752783A551112F01F0C434CCCF12006FA
:10D660007C44C1F3C752A2F178024FEA621204EB84
:10D67000820254F8254008BFD2E9015612D05568FD
:10D6800004FA0CF425FA06F73C43976805FA0CF502
:10D6900027FA06F8D26807FA0CFCF24045EA0805BA
:10D6A0004CEA0206A4FB034CA5FB0352A6FB036352
:10D6B0001D449D4234BF012600261319334416B180
:10D6C000934202D903E0934201D2012200E00022FA
:10D6D000624402F1200C9206DC0C42EA443200EE75
:10D6E000102A5B03DFED210AF8EEC01A00EE103AB3
:10D6F0004FEA9C1C11F0004FB8EE400AC0F800C081
:10D7000020EE201A00EE105ADFED190AB8EE400A9A
:10D7100020EE200A71EE810A70EE800A10EE902A47
:10D7200002F500626FF30B0200EE902A70EEE11A30
:10D7300031EEC11ADFED101A30EE411A9FED0D0ADD
:10D7400020EE800A01EE210A9FED0C1A00EE810AFC
:10D7500004BFBDE8F0017047CCF180510160BDE825
:10D76000F001B1EE400A70470011000000000036E1
:10D770000000802C22AAFD29DB0FC92F0000C92F31
:10D7800038B52A48FDF7EAFF2948FDF7E7FF2948A1
:10D79000FFF7EAF827487030FFF7E6F8234C032339
:10D7A0002549012204F53C700094FEF75DFF234AF1
:10D7B0002349F2F79AFE234904230222009404F538
:10D7C0008A60FEF751FF1D4A1D49F2F78EFE1E4981
:10D7D00007230322009404F5B660FEF745FF174ABD
:10D7E0001749F2F782FE124B0022042103F5C160B3
:10D7F000FEF70CFF114A1549F2F777FE0C4B012298
:10D80000052103F5E260FEF701FF0C4A0F49F2F72C
:10D810006CFE074B0122062103F61800FEF7F6FE08
:10D82000BDE83840054A0949F2F75FBE0C250024DF
:10D83000142600241C2700248996000800000008F4
:10D840007DC60008A1960008119700081DC60008B3
:10D850000148002181607047D40F0024044810B5AE
:10D86000FFF7E7F9BDE810400248FFF7E2B9000012
:10D87000E013002484160024254810B5FFF7E8F9CA
:10D880000422C4301146FDF771FF224AC4382249F0
:10D89000F2F72BFE042221481146FDF767FF1D4ACF
:10D8A0001F49F2F722FE1D48042211460830FDF7F9
:10D8B0005DFF184A1A49F2F718FE1848042211466B
:10D8C0001030FDF753FF134A1549F2F70EFE1348C7
:10D8D000042211461830FDF749FF0E4A1049F2F7AD
:10D8E00004FE0E48042211462030FDF73FFF094A8E
:10D8F0000B49F2F7FAFD0948042211462830FDF7DA
:10D9000035FFBDE81040034A0549F2F7EEBD0000BF
:10D91000B823002400000008A1CD000888020024DC
:10D9200099B700082449002010B501F58472A1F8C8
:10D930000001A1F80201A1F8040101461060506045
:10D9400082F8280002EB81044B1CD9B20829A060A0
:10D95000F8D3194B012240F2012103F5BC70FFF707
:10D96000D5F9164A1649F2F7C0FD134B012240F2D1
:10D97000022103F50470FFF7C9F9104A1049F2F7C4
:10D98000B4FD0D4B012240F2032103F52A70FFF78D
:10D99000BDF90A4A0A49F2F7A8FD074B01224FF4E4
:10D9A000017103F55070FFF7B1F9BDE81040034A6B
:10D9B0000349F2F79ABD00003C1C00240000000857
:10D9C0001DCD0008074800210160416080F8181251
:10D9D00080F8191280F81A1280F81C12C0F8A012F0
:10D9E00070470000741000240C4B142110B5A3F1F3
:10D9F000500202F5C870FFF7BEF9094A0949F2F76B
:10DA000074FD094A142102F5A070FEF70CFCBDE874
:10DA10001040034A0549F2F768BD00009019002440
:10DA20000000000885CD0008E81A002439C200086B
:10DA3000491C02D1C0F5006080B27047F8B50020E3
:10DA4000694604468DF80000FDF744FA0120F5F719
:10DA5000DFF800206946FDF73DFA0120F5F7D8F818
:10DA6000B6217E20FDF7A6FA0120F5F7D1F80020B7
:10DA70006946FDF72FFA0120F5F7CAF8002069463C
:10DA8000FDF728FA0120F5F7C3F89DF800001E28DD
:10DA900001D0FF20F8BD114D04EB44067719A85DB5
:10DAA0007978FDF787FA0120F5F7B2F8A85D6946A5
:10DAB000FDF710FA0120F5F7ABF878789DF8001023
:10DAC000884204D004EB440028448078F8BD641CEC
:10DAD000E4B2062CE0D30020F8BD00009C01002435
:10DAE000F8B50020694604468DF80000FDF7F4F80B
:10DAF0000120F5F78DF800206946FDF7EDF80120CB
:10DB0000F5F786F8B6211420FDF7F8F90120F5F7AE
:10DB10007FF800206946FDF7DFF80120F5F778F877
:10DB200000206946FDF7D8F80120F5F771F89DF857
:10DB300000000F2801D0FF20F8BD114D04EB440672
:10DB40007719A85D7978FDF7D9F90120F5F760F824
:10DB5000A85D6946FDF7C0F80120F5F759F8787817
:10DB60009DF80010884204D004EB440028448078DB
:10DB7000F8BD641CE4B2062CE0D30020F8BD000020
:10DB8000AE0100242DE9F0411B4B5FF000001B4C5F
:10DB900003F1C40C03F12C0500EB80011F5C01EBC9
:10DBA000C0012144421C0E7967F306060E7155F838
:10DBB0002060C1F805605CF82060D0B20428C1F88C
:10DBC0000960E9D3FBF720FF5FF0000606EB860053
:10DBD00000EBC6002044C178552906D1D0F80920B1
:10DBE0001AB1002155F826009047761CF6B2042E93
:10DBF000ECD3BDE8F0810000600100246C2100241A
:10DC000070B50C460546C0880121FFF711FF00F0F2
:10DC1000BDFA10EE100A4FF0FF36206031466888DA
:10DC2000FFF706FF00F0B2FA10EE100A314660600E
:10DC30002888FFF7FDFE00F0A9FA10EE100A012176
:10DC4000A060A888FFF7F4FE00F0A0FA10EE100A1A
:10DC50000021E060288900F028F8207401216889FB
:10DC600000F023F860740121A88900F01EF8A07468
:10DC70000021E88900F019F8E0740521688900F0B6
:10DC80002BF910EE100A06216061A8892D1D00F005
:10DC900023F910EE100AA061287F2077687F607753
:10DCA000A87FA077E87FE07770BD012904D0B0F5A8
:10DCB000806F09D201207047B0F52C7FFAD9B0F5FA
:10DCC000AA6F01D30320704702207047A0F2FE31F3
:10DCD000052901D24FF4806000EE100A9FED051A6D
:10DCE000DFED050AB8EE400A30EE411A81EE200A57
:10DCF00070470000000080440000254430B587B024
:10DD00000C46142105466846F2F7B2FC284600F09E
:10DD10004DF9411C11D02021002200920123CDE9B0
:10DD20000130CDE90341F5F793FE72B605A96846C7
:10DD3000F5F7D4FD62B6F5F733FE07B030BD00004D
:10DD40002DE9F0470F46054640EA070116481646FA
:10DD50004FF0FF39C90651EA46710763C0E90D2546
:10DD600002D04846BDE8F087F5F772FE72B6DFF8DC
:10DD70003C80002410E040460169C907FCD1012025
:10DD800007EB840205EB8401F5F718FE18B1F5F7EF
:10DD900007FE62B6E5E70834B442ECD3F5F700FEBF
:10DDA00062B60020DEE700003801002400200052A7
:10DDB00010B5B0F80120C2F30A0221F8042B8278D2
:10DDC000C378D20842EA4312C2F30A0221F8022CB5
:10DDD000C27803794479920942EA830242EA8422B2
:10DDE000C2F30A020A8042798379520842EAC312D6
:10DDF000C2F30A024A808279C379120942EA031205
:10DE0000C2F30A028A80C279037A447AD20942EACA
:10DE1000430242EA4422C2F30A02CA80427A837A67
:10DE2000920842EA8312C2F30A020A81827AC37A12
:10DE3000520942EAC3024A818289C2F30A028A81F4
:10DE4000427B837BD20842EA4312C2F30A02CA81B0
:10DE5000827BC37B047C920942EA830242EA8422E9
:10DE6000C2F30A020A82027C437C520842EAC312CD
:10DE7000C2F30A024A82427C837C120942EA0312FC
:10DE8000C2F30A028A82827CC37C047DD20942EA00
:10DE9000430242EA4422C2F30A02CA82027D437D5F
:10DEA000920842EA8312C2F30A020A83427D837D0A
:10DEB000520942EAC3024A83C27DD2090A77C27D6F
:10DEC000C2F380124A77C27DC2F340128A77C07DC6
:10DED000C0F30010C87710BDF0B5294A88B0002300
:10DEE000F0CA8DE8F00074CA04AF87E8740004AC8F
:10DEF0006D461A4655F822608E4201D114F8223040
:10DF0000521C042AF6DB00EE100ADFED1E1ADFEDCC
:10DF10001E0AB8EE400A9FED1D1A012B30EE610A71
:10DF2000DFED1B1A20EE200ADFED1B0A20EE010AAE
:10DF30009FED181A09D0B5EEC00AF1EE10FA01D320
:10DF4000DFED161A70EE211A06E010EE100A1449E1
:10DF5000884209D970EE611AB0EE600A08B081EE0D
:10DF6000812A02EE600AF0BD10EE100A0D498842C7
:10DF700002DAFBEE0E1AEDE7DFED0B1AEAE700001E
:10DF8000E4E60008000080440000003AC3D598434E
:10DF9000000002C3000070420000C84200008C4232
:10DFA000000048C20000484233338C42B0F1006F99
:10DFB0004FF0FF3310B528D3154A4FF48011128863
:10DFC000B2EB134402D00AB11105890A01F10061D4
:10DFD00081421AD9A0F10060400C082815D2DFE870
:10DFE00000F00406080A0C0E1012002010BD0120DB
:10DFF00010BD022010BD032010BD042010BD05205F
:10E0000010BD062010BD072010BD184610BD000031
:10E0100080E8F11F002820D000291ED0002A1CD043
:10E02000D0ED000A91ED001A9FED0C0A41EE400A76
:10E03000C0ED000AD0ED010A91ED011A41EE400A4F
:10E04000C0ED010A91ED021AD0ED020A41EE400A3C
:10E05000C0ED020A1088401C1080704752499D395B
:10E0600010EE100A0849F6EE000AB7EE081A60EE44
:10E07000200AA1EB600000EE100A60EE800A00EEBC
:10E08000C01A21EE000A7047DF59375FF5F7FAFE34
:10E09000FCF7AAF8F9F7D2FCF9F7D8FBF9F724FC5A
:10E0A000F9F7BAFDF9F73AFEF9F754FCF9F78CFCE9
:10E0B000F9F7D2FEF9F77AFDF9F744FDF9F798FE82
:10E0C000F9F762FEF9F7F6FDFFF75CFD02E00120CB
:10E0D000F4F79EFDF2F76AFD0028F8D1FBF7A8FDE2
:10E0E000FEE700000D490E4A01F1F0000B780370C5
:10E0F0004B7843704B8843808B888380CB88C38068
:10E100000B89038149894181118981815189C181AB
:10E1100091890182D189418270470000B322002495
:10E120007802002410B500EE100A2DED028BB1EE3E
:10E13000C08A18EE100A20F00040C0F1FF40C00F66
:10E140000AD010EE100A20F00040C0F1FF40C00FCE
:10E1500004BF0120F2F739FB18EE100ABDEC028B68
:10E1600010BD30B505000C460DD0022C0BD9A11EF8
:10E170004FF6FF72F9F7FAF9291931F8021C8842B3
:10E1800001D1012030BD002030BD0000A0F2FE31E1
:10E19000052901D24FF4806000EE100A9FED051AA8
:10E1A000DFED050AB8EE400A30EE411A81EE200A92
:10E1B0007047000000008044008027440EF1020EEA
:10E1C0002EF0030E5EF8044B244204D44FEA4102C1
:10E1D000B2F17F4F11D84FEA4003B3F17F4F0CD813
:10E1E0000ED14FEAD07CB2F17F4F0CEB4C0C0CF10E
:10E1F000020C08BF4CEBD17C04E04FF0080C01E0AE
:10E200004FEAD17C0CEB4C0324FA03F404F007042E
:10E21000B4F1040C06D20EEB840CBDE810404CF0B7
:10E22000010C6047DFE80CF0070802024FF00040E5
:10E23000A0F5800010BD0846420018BFD2F18072E0
:10E2400088BF00F0004010BD4FF04070E1EE100AB2
:10E25000704700004FF07F4C3CEA410318BF3CEA96
:10E26000400200F062804FF47F0C10F0004F0CEA87
:10E27000D11318BF43F005031CEAD01218BF13EAEC
:10E280000C0F00F057804FF0004C4CEA00204CEA95
:10E290000121A3F580339A4210DDB0F1004F23F045
:10E2A000020306D3401A43F00203BCBF404283F08E
:10E2B00001034FEA4000A2F58032ECE74FEA224C1E
:10E2C000BCEB234F08DB884206D31CD0A0EB4100F7
:10E2D000C0F1000083F0010340001DD217D40DD01F
:10E2E000B0FA80FC0CF1010C00FA0CF0A2EB0C422D
:10E2F000D2F1000C12DB4FEAC37070474FEA437053
:10E3000000F00040704713F0020FE5D0DEE7B2F5F1
:10E3100080324FEA4000EBDD002AE9DD4FEAC2120D
:10E3200042EA502040EAC370704710B5FFF746FF3D
:10E33000EDFFFF3E1CEAD11F02D000F00040704705
:10E34000004870470000C07F000102030405060773
:10E35000080C1014182030400000000000000000DD
:10E3600000000000000000000000000001000000AC
:10E370000200000003000000040000000000000094
:10E380000500000000000000000000000000000088
:10E390000600000000000000000000000000000077
:10E3A000070000000006101600061016010002000B
:10E3B0000400060008000A000C00100020004000C5
:10E3C00080000001010101030701000008040204AC
:10E3D000080101010000000001020304010203041E
:10E3E00006070809005EBCE2613FDD83C29C7E2017
:10E3F000A3FD1F419DC3217FFCA2401E5F01E3BD21
:10E400003E6082DC237D9FC1421CFEA0E1BF5D0314
:10E4100080DE3C62BEE0025CDF81633D7C22C09E08
:10E420001D43A1FF4618FAA427799BC584DA3866F4
:10E43000E5BB5907DB856739BAE406581947A5FBE0
:10E440007826C49A653BD987045AB8E6A7F91B45D4
:10E45000C6987A24F8A6441A99C7257B3A6486D8C8
:10E460005B05E7B98CD2306EEDB3510F4E10F2ACB4
:10E470002F7193CD114FADF3702ECC92D38D6F31A0
:10E48000B2EC0E50AFF1134DCE90722C6D33D18F94
:10E490000C52B0EE326C8ED0530DEFB1F0AE4C1288
:10E4A00091CF2D73CA947628ABF517490856B4EA74
:10E4B0006937D58B5709EBB536688AD495CB297760
:10E4C000F4AA4816E9B7550B88D6346A2B7597C954
:10E4D0004A14F6A8742AC896154BA9F7B6E80A5448
:10E4E000D7896B350000891112239B322446AD5722
:10E4F0003665BF74488CC19D5AAFD3BE6CCAE5DB8C
:10E500007EE9F7F88110080193331A22A5562C47AB
:10E51000B7753E64C99C408DDBBF52AEEDDA64CB6B
:10E52000FFF976E802218B30100299132667AF7647
:10E530003444BD554AADC3BC588ED19F6EEBE7FA4B
:10E540007CC8F5D983310A2091121803A7772E666B
:10E55000B5543C45CBBD42ACD99E508FEFFB66EA2B
:10E56000FDD874C904428D5316619F702004A9150B
:10E570003227BB364CCEC5DF5EEDD7FC6888E1990B
:10E580007AABF3BA85520C4397711E60A11428052B
:10E59000B3373A26CDDE44CFDFFD56ECE9986089EB
:10E5A000FBBB72AA06638F7214409D512225AB34C7
:10E5B0003006B9174EEFC7FE5CCCD5DD6AA9E3B8CB
:10E5C000788AF19B87730E6295501C41A3352A24EB
:10E5D000B1163807CFFF46EEDDDC54CDEBB962A8AB
:10E5E000F99A708B088481951AA793B62CC2A5D38B
:10E5F0003EE1B7F04008C919522BDB3A644EED5F9B
:10E60000766DFF7C899400859BB712A6ADD224C39A
:10E61000BFF136E0C1184809D33B5A2AE55E6C4F7A
:10E62000F77D7E6C0AA583B4188691972EE3A7F236
:10E630003CC0B5D14229CB38500AD91B666FEF7E5A
:10E64000744CFD5D8BB502A499961087AFF326E25A
:10E65000BDD034C1C3394A28D11A580BE77F6E6E3A
:10E66000F55C7C4D0CC685D71EE597F42880A191FA
:10E670003AA3B3B2444ACD5B5669DF78600CE91D1A
:10E68000722FFB3E8DD604C79FF516E4A99020811A
:10E69000BBB332A2C55A4C4BD7795E68E11C680DFA
:10E6A000F33F7A2E0EE787F61CC495D52AA1A3B0B6
:10E6B0003882B193466BCF7A5448DD59622DEB3CDA
:10E6C000700EF91F8FF706E69DD414C5ABB122A0DA
:10E6D000B9923083C77B4E6AD5585C49E33D6A2CBA
:10E6E000F11E780F04000000050000000600000085
:10E6F0000700000000000000010000000100000011
:10E7000000000000057006700A700B701070117028
:10E71000147016701770187019701A701B701C70B6
:10E720001E701F702070217022702470257026705A
:10E730002870297048440000474D00004759520096
:10E7400041434300000000080000020800000408E4
:10E75000000006080000080800000A0800000C0875
:10E7600000000E08000000006E83F9A22915444E37
:10E77000D15727FCC0DD34F5999562DB4190433CCD
:10E78000AB6351FE0000000000000000000000002C
:10E79000000000003DBB000821B900088DBB000847
:10E7A00093BB000800000000000000000000000013
:10E7B00000000000B9C00008E5BD00080BC100085A
:10E7C0002FC1000800000000000000000000000051
:10E7D0000000000009C50008B5C3000893C5000883
:10E7E00095C5000800000000000000001DC60008DC
:10E7F000000000003DBB000821B900088DBB0008E7
:10E8000093BB000800000000000000007DC6000867
:10E8100000000000B9C00008E5BD00080BC10008F9
:10E820002FC1000800000000000000001DCD0008FE
:10E830000000000009C50008B5C3000893C5000822
:10E8400095C5000880E8000800000024D4020000FC
:10E85000080300085CE90008D4020024C43C00005E
:10E8600064030008EDEFFFFF5DF1FFFFF1EFFFFF35
:10E8700079F1FFFFB1F0FFFF01F0FFFF05EFFFFFB0
:10E8800041320182103C90D00304011313010102B4
:10E890001C042948091A2202275A1361A73A084C76
:10E8A0007113C9A53308021311AE42081311B32A1C
:10E8B00008A14B45AD1013CDB2AA08771A552032E6
:10E8C000054BA5B12013D1AFB308061A7520012856
:10E8D0004BD1A62CA9901A15A089700310803F086F
:10E8E0001017E7416B3A58A08B3AA2FFFFFF0205D1
:10E8F000086C1A8220290181133402142434221B4B
:10E900002468041A4804157D04017C160240AB03F8
:10E91000411009055308065804070F16081082090C
:10E9200011160A15800B165E0C18010D92447945DC
:10E93000799009109819140A14BF08B9241938C914
:10E940003C13D59A39C45A9908014C02373C2D0A18
:0CE95000D7233C042163A0408340410019
:04000005080002CD20
:00000001FF
